-- Disable foreign key checks during import to avoid dependency ordering issues
PRAGMA foreign_keys = OFF;

-- Dumping structure for table upgradepvp.death
CREATE TABLE IF NOT EXISTS `death` (
  `id` INTEGER PRIMARY KEY AUTOINCREMENT,
  `game_id` INTEGER NOT NULL,
  `murderer_uuid` VARCHAR(36) NOT NULL,
  `dead_uuid` VARCHAR(36) NOT NULL,
  `murderer_reward` INTEGER NOT NULL,
  `dead_reward` INTEGER NOT NULL,
  `created_at` DATETIME DEFAULT CURRENT_TIMESTAMP,
  FOREIGN KEY (`game_id`) REFERENCES `game` (`id`),
  FOREIGN KEY (`murderer_uuid`) REFERENCES `player` (`player_uuid`),
  FOREIGN KEY (`dead_uuid`) REFERENCES `player` (`player_uuid`)
);
CREATE INDEX `idx_death_game_id` ON `death` (`game_id`);
CREATE INDEX `idx_death_murderer_uuid` ON `death` (`murderer_uuid`);
CREATE INDEX `idx_death_dead_uuid` ON `death` (`dead_uuid`);

-- Dumping data for table upgradepvp.death: ~104 rows (approximately)
INSERT INTO `death` (`id`, `game_id`, `murderer_uuid`, `dead_uuid`, `murderer_reward`, `dead_reward`, `created_at`) VALUES
	(3, 1, '4028be1d-4312-4912-99c7-fef783b65945', 'c83992bb-839f-4a9e-a164-935566835e4e', 226, 250, '2025-02-18 12:23:55'),
	(4, 1, 'c83992bb-839f-4a9e-a164-935566835e4e', '4028be1d-4312-4912-99c7-fef783b65945', 674, 662, '2025-02-18 12:24:12'),
	(5, 2, 'c83992bb-839f-4a9e-a164-935566835e4e', '52a6c4d4-8f4a-3565-b3c6-3d2f57468391', 3157, 3145, '2025-02-25 07:11:41'),
	(6, 2, '52a6c4d4-8f4a-3565-b3c6-3d2f57468391', 'c83992bb-839f-4a9e-a164-935566835e4e', 2426, 2420, '2025-02-25 07:13:26'),
	(7, 2, '52a6c4d4-8f4a-3565-b3c6-3d2f57468391', 'c83992bb-839f-4a9e-a164-935566835e4e', 1605, 1970, '2025-02-25 07:19:22'),
	(8, 2, 'c83992bb-839f-4a9e-a164-935566835e4e', '52a6c4d4-8f4a-3565-b3c6-3d2f57468391', 2591, 3026, '2025-02-25 07:22:32'),
	(9, 4, 'c83992bb-839f-4a9e-a164-935566835e4e', '4028be1d-4312-4912-99c7-fef783b65945', 226, 250, '2025-02-25 14:22:12'),
	(10, 5, 'c83992bb-839f-4a9e-a164-935566835e4e', '4028be1d-4312-4912-99c7-fef783b65945', 226, 250, '2025-02-25 14:23:00'),
	(11, 6, '4028be1d-4312-4912-99c7-fef783b65945', 'c83992bb-839f-4a9e-a164-935566835e4e', 156, 250, '2025-02-25 15:40:25'),
	(12, 6, 'c83992bb-839f-4a9e-a164-935566835e4e', '4028be1d-4312-4912-99c7-fef783b65945', 323, 318, '2025-02-25 15:40:41'),
	(13, 8, '9c124c4f-9ab1-31ea-85cd-983fda58c14d', '9bd322dc-0038-4af2-a1dc-9b393e6600e6', 209, 250, '2025-03-27 17:05:13'),
	(14, 8, '4028be1d-4312-4912-99c7-fef783b65945', '9c124c4f-9ab1-31ea-85cd-983fda58c14d', 344, 333, '2025-03-27 17:05:14'),
	(15, 8, 'dfc2bfed-46f3-4d71-ad71-8025e42a778a', '4028be1d-4312-4912-99c7-fef783b65945', 455, 444, '2025-03-27 17:05:17'),
	(16, 8, '9c124c4f-9ab1-31ea-85cd-983fda58c14d', '9bd322dc-0038-4af2-a1dc-9b393e6600e6', 226, 250, '2025-03-27 17:05:27'),
	(17, 8, '4028be1d-4312-4912-99c7-fef783b65945', '9c124c4f-9ab1-31ea-85cd-983fda58c14d', 420, 448, '2025-03-27 17:05:32'),
	(18, 8, '9bd322dc-0038-4af2-a1dc-9b393e6600e6', '9c124c4f-9ab1-31ea-85cd-983fda58c14d', 362, 360, '2025-03-27 17:05:47'),
	(19, 8, '4028be1d-4312-4912-99c7-fef783b65945', '9bd322dc-0038-4af2-a1dc-9b393e6600e6', 462, 488, '2025-03-27 17:05:51'),
	(20, 8, '4028be1d-4312-4912-99c7-fef783b65945', '9c124c4f-9ab1-31ea-85cd-983fda58c14d', 233, 256, '2025-03-27 17:06:13'),
	(21, 8, '9c124c4f-9ab1-31ea-85cd-983fda58c14d', '9bd322dc-0038-4af2-a1dc-9b393e6600e6', 247, 250, '2025-03-27 17:06:28'),
	(22, 8, '4028be1d-4312-4912-99c7-fef783b65945', 'dfc2bfed-46f3-4d71-ad71-8025e42a778a', 536, 558, '2025-03-27 17:06:31'),
	(23, 8, '4028be1d-4312-4912-99c7-fef783b65945', '9c124c4f-9ab1-31ea-85cd-983fda58c14d', 364, 384, '2025-03-27 17:06:38'),
	(24, 8, '9c124c4f-9ab1-31ea-85cd-983fda58c14d', '9bd322dc-0038-4af2-a1dc-9b393e6600e6', 220, 250, '2025-03-27 17:06:45'),
	(25, 8, '4028be1d-4312-4912-99c7-fef783b65945', '9c124c4f-9ab1-31ea-85cd-983fda58c14d', 441, 640, '2025-03-27 17:06:50'),
	(26, 8, '9c124c4f-9ab1-31ea-85cd-983fda58c14d', '9bd322dc-0038-4af2-a1dc-9b393e6600e6', 226, 254, '2025-03-27 17:07:06'),
	(27, 8, '9bd322dc-0038-4af2-a1dc-9b393e6600e6', '9c124c4f-9ab1-31ea-85cd-983fda58c14d', 642, 635, '2025-03-27 17:07:25'),
	(28, 8, '9c124c4f-9ab1-31ea-85cd-983fda58c14d', '9bd322dc-0038-4af2-a1dc-9b393e6600e6', 650, 646, '2025-03-27 17:07:25'),
	(29, 8, '4028be1d-4312-4912-99c7-fef783b65945', '9c124c4f-9ab1-31ea-85cd-983fda58c14d', 950, 1078, '2025-03-27 17:07:57'),
	(30, 8, '4028be1d-4312-4912-99c7-fef783b65945', '9bd322dc-0038-4af2-a1dc-9b393e6600e6', 211, 338, '2025-03-27 17:07:59'),
	(31, 9, 'dfc2bfed-46f3-4d71-ad71-8025e42a778a', '9c124c4f-9ab1-31ea-85cd-983fda58c14d', 226, 250, '2025-03-27 17:09:27'),
	(32, 9, '9bd322dc-0038-4af2-a1dc-9b393e6600e6', '4028be1d-4312-4912-99c7-fef783b65945', 216, 250, '2025-03-27 17:09:31'),
	(33, 9, '9c124c4f-9ab1-31ea-85cd-983fda58c14d', '9bd322dc-0038-4af2-a1dc-9b393e6600e6', 338, 339, '2025-03-27 17:09:33'),
	(34, 9, '9c124c4f-9ab1-31ea-85cd-983fda58c14d', 'dfc2bfed-46f3-4d71-ad71-8025e42a778a', 374, 371, '2025-03-27 17:09:39'),
	(35, 9, '4028be1d-4312-4912-99c7-fef783b65945', '9c124c4f-9ab1-31ea-85cd-983fda58c14d', 707, 712, '2025-03-27 17:09:40'),
	(36, 9, '9c124c4f-9ab1-31ea-85cd-983fda58c14d', '9bd322dc-0038-4af2-a1dc-9b393e6600e6', 282, 278, '2025-03-27 17:09:51'),
	(37, 9, 'dfc2bfed-46f3-4d71-ad71-8025e42a778a', '9c124c4f-9ab1-31ea-85cd-983fda58c14d', 714, 744, '2025-03-27 17:09:58'),
	(38, 9, '4028be1d-4312-4912-99c7-fef783b65945', '9bd322dc-0038-4af2-a1dc-9b393e6600e6', 240, 250, '2025-03-27 17:10:03'),
	(39, 9, '4028be1d-4312-4912-99c7-fef783b65945', 'dfc2bfed-46f3-4d71-ad71-8025e42a778a', 793, 885, '2025-03-27 17:10:07'),
	(40, 9, '9c124c4f-9ab1-31ea-85cd-983fda58c14d', '4028be1d-4312-4912-99c7-fef783b65945', 1032, 1240, '2025-03-27 17:10:09'),
	(41, 9, '9c124c4f-9ab1-31ea-85cd-983fda58c14d', '9bd322dc-0038-4af2-a1dc-9b393e6600e6', 209, 250, '2025-03-27 17:10:17'),
	(42, 9, '4028be1d-4312-4912-99c7-fef783b65945', '9c124c4f-9ab1-31ea-85cd-983fda58c14d', 1132, 1335, '2025-03-27 17:10:28'),
	(43, 9, '4028be1d-4312-4912-99c7-fef783b65945', '9bd322dc-0038-4af2-a1dc-9b393e6600e6', 215, 340, '2025-03-27 17:10:35'),
	(44, 9, 'dfc2bfed-46f3-4d71-ad71-8025e42a778a', '9bd322dc-0038-4af2-a1dc-9b393e6600e6', 272, 301, '2025-03-27 17:10:51'),
	(45, 9, '4028be1d-4312-4912-99c7-fef783b65945', 'dfc2bfed-46f3-4d71-ad71-8025e42a778a', 539, 864, '2025-03-27 17:11:04'),
	(46, 9, '4028be1d-4312-4912-99c7-fef783b65945', '9bd322dc-0038-4af2-a1dc-9b393e6600e6', 261, 584, '2025-03-27 17:11:06'),
	(47, 9, '9c124c4f-9ab1-31ea-85cd-983fda58c14d', '4028be1d-4312-4912-99c7-fef783b65945', 2162, 2154, '2025-03-27 17:11:10'),
	(48, 9, '4028be1d-4312-4912-99c7-fef783b65945', '9bd322dc-0038-4af2-a1dc-9b393e6600e6', 308, 636, '2025-03-27 17:11:32'),
	(49, 9, '9c124c4f-9ab1-31ea-85cd-983fda58c14d', 'dfc2bfed-46f3-4d71-ad71-8025e42a778a', 508, 859, '2025-03-27 17:11:58'),
	(50, 9, '4028be1d-4312-4912-99c7-fef783b65945', '9bd322dc-0038-4af2-a1dc-9b393e6600e6', 350, 676, '2025-03-27 17:12:13'),
	(51, 9, '4028be1d-4312-4912-99c7-fef783b65945', '9c124c4f-9ab1-31ea-85cd-983fda58c14d', 2009, 2332, '2025-03-27 17:12:38'),
	(52, 11, '9c124c4f-9ab1-31ea-85cd-983fda58c14d', 'dfc2bfed-46f3-4d71-ad71-8025e42a778a', 218, 250, '2025-03-27 17:45:54'),
	(53, 11, '4028be1d-4312-4912-99c7-fef783b65945', '9c124c4f-9ab1-31ea-85cd-983fda58c14d', 356, 345, '2025-03-27 17:45:56'),
	(54, 11, 'dfc2bfed-46f3-4d71-ad71-8025e42a778a', '9c124c4f-9ab1-31ea-85cd-983fda58c14d', 275, 263, '2025-03-27 17:46:07'),
	(55, 11, '4028be1d-4312-4912-99c7-fef783b65945', 'dfc2bfed-46f3-4d71-ad71-8025e42a778a', 408, 398, '2025-03-27 17:46:08'),
	(56, 11, '4028be1d-4312-4912-99c7-fef783b65945', '9c124c4f-9ab1-31ea-85cd-983fda58c14d', 232, 250, '2025-03-27 17:46:12'),
	(57, 11, '4028be1d-4312-4912-99c7-fef783b65945', '9c124c4f-9ab1-31ea-85cd-983fda58c14d', 226, 250, '2025-03-27 17:46:20'),
	(58, 11, '4028be1d-4312-4912-99c7-fef783b65945', '9bd322dc-0038-4af2-a1dc-9b393e6600e6', 51, 250, '2025-03-27 17:46:26'),
	(59, 11, '4028be1d-4312-4912-99c7-fef783b65945', '9c124c4f-9ab1-31ea-85cd-983fda58c14d', 226, 250, '2025-03-27 17:46:27'),
	(60, 11, '9c124c4f-9ab1-31ea-85cd-983fda58c14d', '4028be1d-4312-4912-99c7-fef783b65945', 989, 1199, '2025-03-27 17:46:43'),
	(61, 11, '9bd322dc-0038-4af2-a1dc-9b393e6600e6', 'dfc2bfed-46f3-4d71-ad71-8025e42a778a', 496, 491, '2025-03-27 17:46:47'),
	(62, 11, '4028be1d-4312-4912-99c7-fef783b65945', 'dfc2bfed-46f3-4d71-ad71-8025e42a778a', 390, 518, '2025-03-27 17:46:55'),
	(63, 11, 'dfc2bfed-46f3-4d71-ad71-8025e42a778a', '4028be1d-4312-4912-99c7-fef783b65945', 839, 867, '2025-03-27 17:47:39'),
	(64, 11, 'dfc2bfed-46f3-4d71-ad71-8025e42a778a', '9c124c4f-9ab1-31ea-85cd-983fda58c14d', 220, 250, '2025-03-27 17:47:43'),
	(65, 11, '9bd322dc-0038-4af2-a1dc-9b393e6600e6', 'dfc2bfed-46f3-4d71-ad71-8025e42a778a', 1141, 1177, '2025-03-27 17:47:47'),
	(66, 11, '4028be1d-4312-4912-99c7-fef783b65945', '9bd322dc-0038-4af2-a1dc-9b393e6600e6', 1053, 1237, '2025-03-27 17:47:49'),
	(67, 11, '4028be1d-4312-4912-99c7-fef783b65945', '9c124c4f-9ab1-31ea-85cd-983fda58c14d', 216, 250, '2025-03-27 17:47:54'),
	(68, 11, 'dfc2bfed-46f3-4d71-ad71-8025e42a778a', '4028be1d-4312-4912-99c7-fef783b65945', 1524, 1936, '2025-03-27 17:48:01'),
	(69, 11, '9c124c4f-9ab1-31ea-85cd-983fda58c14d', '9bd322dc-0038-4af2-a1dc-9b393e6600e6', 852, 1137, '2025-03-27 17:48:09'),
	(70, 11, '4028be1d-4312-4912-99c7-fef783b65945', '9c124c4f-9ab1-31ea-85cd-983fda58c14d', 814, 1143, '2025-03-27 17:48:15'),
	(71, 11, '4028be1d-4312-4912-99c7-fef783b65945', '9c124c4f-9ab1-31ea-85cd-983fda58c14d', 851, 1177, '2025-03-27 17:48:24'),
	(72, 11, '4028be1d-4312-4912-99c7-fef783b65945', '9c124c4f-9ab1-31ea-85cd-983fda58c14d', 872, 1197, '2025-03-27 17:48:36'),
	(73, 11, '9c124c4f-9ab1-31ea-85cd-983fda58c14d', '4028be1d-4312-4912-99c7-fef783b65945', 3104, 3094, '2025-03-27 17:48:45'),
	(74, 11, '9c124c4f-9ab1-31ea-85cd-983fda58c14d', '9bd322dc-0038-4af2-a1dc-9b393e6600e6', 800, 1069, '2025-03-27 17:49:07'),
	(75, 11, '4028be1d-4312-4912-99c7-fef783b65945', '9bd322dc-0038-4af2-a1dc-9b393e6600e6', 796, 1285, '2025-03-27 17:49:38'),
	(76, 11, '9c124c4f-9ab1-31ea-85cd-983fda58c14d', '9bd322dc-0038-4af2-a1dc-9b393e6600e6', 935, 1310, '2025-03-27 17:49:50'),
	(77, 11, '4028be1d-4312-4912-99c7-fef783b65945', '9bd322dc-0038-4af2-a1dc-9b393e6600e6', 968, 1525, '2025-03-27 17:50:01'),
	(78, 11, 'dfc2bfed-46f3-4d71-ad71-8025e42a778a', '4028be1d-4312-4912-99c7-fef783b65945', 3019, 3227, '2025-03-27 17:50:15'),
	(79, 11, '4028be1d-4312-4912-99c7-fef783b65945', '9c124c4f-9ab1-31ea-85cd-983fda58c14d', 2502, 3070, '2025-03-27 17:50:46'),
	(80, 11, 'dfc2bfed-46f3-4d71-ad71-8025e42a778a', '9bd322dc-0038-4af2-a1dc-9b393e6600e6', 763, 1049, '2025-03-27 17:50:48'),
	(81, 11, '4028be1d-4312-4912-99c7-fef783b65945', '9c124c4f-9ab1-31ea-85cd-983fda58c14d', 2189, 2820, '2025-03-27 17:50:57'),
	(82, 11, '9bd322dc-0038-4af2-a1dc-9b393e6600e6', '4028be1d-4312-4912-99c7-fef783b65945', 5503, 5000, '2025-03-27 17:51:22'),
	(83, 11, '9c124c4f-9ab1-31ea-85cd-983fda58c14d', '9bd322dc-0038-4af2-a1dc-9b393e6600e6', 4562, 5552, '2025-03-27 17:51:27'),
	(84, 11, '4028be1d-4312-4912-99c7-fef783b65945', '9bd322dc-0038-4af2-a1dc-9b393e6600e6', 3937, 5552, '2025-03-27 17:51:40'),
	(85, 11, '4028be1d-4312-4912-99c7-fef783b65945', '9bd322dc-0038-4af2-a1dc-9b393e6600e6', 3937, 5000, '2025-03-27 17:52:56'),
	(86, 11, '4028be1d-4312-4912-99c7-fef783b65945', 'dfc2bfed-46f3-4d71-ad71-8025e42a778a', 2136, 3220, '2025-03-27 17:53:38'),
	(87, 11, '9c124c4f-9ab1-31ea-85cd-983fda58c14d', 'dfc2bfed-46f3-4d71-ad71-8025e42a778a', 4790, 5000, '2025-03-27 17:53:43'),
	(88, 11, 'dfc2bfed-46f3-4d71-ad71-8025e42a778a', '9bd322dc-0038-4af2-a1dc-9b393e6600e6', 3551, 3501, '2025-03-27 17:53:49'),
	(89, 11, '9c124c4f-9ab1-31ea-85cd-983fda58c14d', '9bd322dc-0038-4af2-a1dc-9b393e6600e6', 2501, 3501, '2025-03-27 17:53:58'),
	(90, 11, 'dfc2bfed-46f3-4d71-ad71-8025e42a778a', '9c124c4f-9ab1-31ea-85cd-983fda58c14d', 8867, 5000, '2025-03-27 17:54:07'),
	(91, 11, 'dfc2bfed-46f3-4d71-ad71-8025e42a778a', '9bd322dc-0038-4af2-a1dc-9b393e6600e6', 2501, 3501, '2025-03-27 17:54:10'),
	(92, 11, '4028be1d-4312-4912-99c7-fef783b65945', '9c124c4f-9ab1-31ea-85cd-983fda58c14d', 3546, 4625, '2025-03-27 17:54:16'),
	(93, 11, '4028be1d-4312-4912-99c7-fef783b65945', '9c124c4f-9ab1-31ea-85cd-983fda58c14d', 3277, 4375, '2025-03-27 17:54:28'),
	(94, 11, '4028be1d-4312-4912-99c7-fef783b65945', '9bd322dc-0038-4af2-a1dc-9b393e6600e6', 1941, 3017, '2025-03-27 17:54:54'),
	(95, 11, '9c124c4f-9ab1-31ea-85cd-983fda58c14d', '9bd322dc-0038-4af2-a1dc-9b393e6600e6', 2163, 3017, '2025-03-27 17:54:55'),
	(96, 11, 'dfc2bfed-46f3-4d71-ad71-8025e42a778a', '9bd322dc-0038-4af2-a1dc-9b393e6600e6', 2161, 2930, '2025-03-27 17:55:25'),
	(97, 11, '4028be1d-4312-4912-99c7-fef783b65945', '9bd322dc-0038-4af2-a1dc-9b393e6600e6', 2102, 3170, '2025-03-27 17:55:39'),
	(98, 11, 'dfc2bfed-46f3-4d71-ad71-8025e42a778a', '9c124c4f-9ab1-31ea-85cd-983fda58c14d', 3067, 3835, '2025-03-27 17:55:56'),
	(99, 11, '4028be1d-4312-4912-99c7-fef783b65945', 'dfc2bfed-46f3-4d71-ad71-8025e42a778a', 6096, 5000, '2025-03-27 17:56:00'),
	(100, 11, 'dfc2bfed-46f3-4d71-ad71-8025e42a778a', '9c124c4f-9ab1-31ea-85cd-983fda58c14d', 2732, 3500, '2025-03-27 17:56:11'),
	(101, 11, '9bd322dc-0038-4af2-a1dc-9b393e6600e6', '9c124c4f-9ab1-31ea-85cd-983fda58c14d', 2536, 3500, '2025-03-27 17:56:16'),
	(102, 11, 'dfc2bfed-46f3-4d71-ad71-8025e42a778a', '9c124c4f-9ab1-31ea-85cd-983fda58c14d', 2501, 3500, '2025-03-27 17:56:33'),
	(103, 11, 'dfc2bfed-46f3-4d71-ad71-8025e42a778a', '9c124c4f-9ab1-31ea-85cd-983fda58c14d', 2501, 3500, '2025-03-27 17:56:49'),
	(104, 11, 'dfc2bfed-46f3-4d71-ad71-8025e42a778a', '9c124c4f-9ab1-31ea-85cd-983fda58c14d', 2501, 3500, '2025-03-27 17:57:02'),
	(105, 11, '4028be1d-4312-4912-99c7-fef783b65945', '9c124c4f-9ab1-31ea-85cd-983fda58c14d', 2498, 4308, '2025-03-27 17:57:21'),
	(106, 11, '4028be1d-4312-4912-99c7-fef783b65945', '9bd322dc-0038-4af2-a1dc-9b393e6600e6', 3426, 5000, '2025-03-27 17:57:33');

-- Dumping structure for table upgradepvp.game
CREATE TABLE IF NOT EXISTS `game` (
  `id` INTEGER PRIMARY KEY AUTOINCREMENT,
  `created_at` DATETIME DEFAULT CURRENT_TIMESTAMP
);

-- Dumping data for table upgradepvp.game: ~11 rows (approximately)
INSERT INTO `game` (`id`, `created_at`) VALUES
	(1, '2025-02-18 12:22:36'),
	(2, '2025-02-25 07:10:50'),
	(3, '2025-02-25 14:02:16'),
	(4, '2025-02-25 14:21:48'),
	(5, '2025-02-25 14:22:44'),
	(6, '2025-02-25 15:40:08'),
	(7, '2025-03-10 19:19:45'),
	(8, '2025-03-27 17:04:49'),
	(9, '2025-03-27 17:09:12'),
	(10, '2025-03-27 17:44:34'),
	(11, '2025-03-27 17:45:41');

-- Dumping structure for table upgradepvp.game_player
CREATE TABLE IF NOT EXISTS `game_player` (
  `id` INTEGER PRIMARY KEY AUTOINCREMENT,
  `game_id` INTEGER NOT NULL,
  `player_uuid` VARCHAR(36) NOT NULL,
  FOREIGN KEY (`game_id`) REFERENCES `game` (`id`),
  FOREIGN KEY (`player_uuid`) REFERENCES `player` (`player_uuid`)
);
CREATE INDEX `idx_game_player_game_id` ON `game_player` (`game_id`);
CREATE INDEX `idx_game_player_player_uuid` ON `game_player` (`player_uuid`);

-- Dumping data for table upgradepvp.game_player: ~40 rows (approximately)
INSERT INTO `game_player` (`id`, `game_id`, `player_uuid`) VALUES
	(1, 1, '4028be1d-4312-4912-99c7-fef783b65945'),
	(2, 1, 'c83992bb-839f-4a9e-a164-935566835e4e'),
	(3, 2, '52a6c4d4-8f4a-3565-b3c6-3d2f57468391'),
	(4, 2, 'c83992bb-839f-4a9e-a164-935566835e4e'),
	(5, 3, '4028be1d-4312-4912-99c7-fef783b65945'),
	(6, 3, 'c83992bb-839f-4a9e-a164-935566835e4e'),
	(7, 4, 'c83992bb-839f-4a9e-a164-935566835e4e'),
	(8, 4, '4028be1d-4312-4912-99c7-fef783b65945'),
	(9, 5, 'c83992bb-839f-4a9e-a164-935566835e4e'),
	(10, 5, '4028be1d-4312-4912-99c7-fef783b65945'),
	(11, 5, '4028be1d-4312-4912-99c7-fef783b65945'),
	(12, 6, '4028be1d-4312-4912-99c7-fef783b65945'),
	(13, 6, 'c83992bb-839f-4a9e-a164-935566835e4e'),
	(14, 7, '4028be1d-4312-4912-99c7-fef783b65945'),
	(15, 8, '4028be1d-4312-4912-99c7-fef783b65945'),
	(16, 8, '4028be1d-4312-4912-99c7-fef783b65945'),
	(17, 8, '4028be1d-4312-4912-99c7-fef783b65945'),
	(18, 8, '4028be1d-4312-4912-99c7-fef783b65945'),
	(19, 8, '4028be1d-4312-4912-99c7-fef783b65945'),
	(20, 8, '9bd322dc-0038-4af2-a1dc-9b393e6600e6'),
	(21, 8, '9c124c4f-9ab1-31ea-85cd-983fda58c14d'),
	(22, 8, '9bd322dc-0038-4af2-a1dc-9b393e6600e6'),
	(23, 8, '4028be1d-4312-4912-99c7-fef783b65945'),
	(24, 8, '4028be1d-4312-4912-99c7-fef783b65945'),
	(25, 8, 'dfc2bfed-46f3-4d71-ad71-8025e42a778a'),
	(26, 8, '4028be1d-4312-4912-99c7-fef783b65945'),
	(27, 8, '4028be1d-4312-4912-99c7-fef783b65945'),
	(28, 8, '4028be1d-4312-4912-99c7-fef783b65945'),
	(29, 9, 'dfc2bfed-46f3-4d71-ad71-8025e42a778a'),
	(30, 9, '9bd322dc-0038-4af2-a1dc-9b393e6600e6'),
	(31, 9, '9c124c4f-9ab1-31ea-85cd-983fda58c14d'),
	(32, 9, '4028be1d-4312-4912-99c7-fef783b65945'),
	(33, 10, '4028be1d-4312-4912-99c7-fef783b65945'),
	(34, 10, 'dfc2bfed-46f3-4d71-ad71-8025e42a778a'),
	(35, 10, '9c124c4f-9ab1-31ea-85cd-983fda58c14d'),
	(36, 10, '9bd322dc-0038-4af2-a1dc-9b393e6600e6'),
	(37, 11, 'dfc2bfed-46f3-4d71-ad71-8025e42a778a'),
	(38, 11, '9bd322dc-0038-4af2-a1dc-9b393e6600e6'),
	(39, 11, '4028be1d-4312-4912-99c7-fef783b65945'),
	(40, 11, '9c124c4f-9ab1-31ea-85cd-983fda58c14d');

-- Dumping structure for table upgradepvp.player
CREATE TABLE IF NOT EXISTS `player` (
  `player_uuid` VARCHAR(36) NOT NULL,
  `player_name` VARCHAR(255) NOT NULL,
  PRIMARY KEY (`player_uuid`)
);

-- Dumping data for table upgradepvp.player: ~6 rows (approximately)
INSERT INTO `player` (`player_uuid`, `player_name`) VALUES
	('4028be1d-4312-4912-99c7-fef783b65945', 'Smart123s'),
	('52a6c4d4-8f4a-3565-b3c6-3d2f57468391', 'Csani44114411'),
	('9bd322dc-0038-4af2-a1dc-9b393e6600e6', 'FemLolStudio'),
	('9c124c4f-9ab1-31ea-85cd-983fda58c14d', 'Csani44116969'),
	('c83992bb-839f-4a9e-a164-935566835e4e', 'Smart123ss'),
	('dfc2bfed-46f3-4d71-ad71-8025e42a778a', 'miki32');

-- Dumping structure for table upgradepvp.purchase
CREATE TABLE IF NOT EXISTS `purchase` (
  `id` INTEGER PRIMARY KEY AUTOINCREMENT,
  `game_id` INTEGER NOT NULL,
  `player_uuid` VARCHAR(36) NOT NULL,
  `item` VARCHAR(255) NOT NULL,
  `price` INTEGER NOT NULL,
  `created_at` DATETIME DEFAULT CURRENT_TIMESTAMP,
  FOREIGN KEY (`game_id`) REFERENCES `game` (`id`),
  FOREIGN KEY (`player_uuid`) REFERENCES `player` (`player_uuid`)
);
CREATE INDEX `idx_purchase_game_id` ON `purchase` (`game_id`);
CREATE INDEX `idx_purchase_player_uuid` ON `purchase` (`player_uuid`);

-- Dumping data for table upgradepvp.purchase: ~688 rows (approximately)
INSERT INTO `purchase` (`id`, `game_id`, `player_uuid`, `item`, `price`, `created_at`) VALUES
	(1, 1, '4028be1d-4312-4912-99c7-fef783b65945', 'WOOD_SWORD$null', 200, '2025-02-18 12:22:44'),
	(2, 1, 'c83992bb-839f-4a9e-a164-935566835e4e', 'WOOD_SWORD$null', 200, '2025-02-18 12:22:45'),
	(3, 1, '4028be1d-4312-4912-99c7-fef783b65945', 'ENCHANTED_BOOK$§bUnbreaking', 100, '2025-02-18 12:23:34'),
	(4, 1, '4028be1d-4312-4912-99c7-fef783b65945', 'ENCHANTED_BOOK$§bFeather Falling', 50, '2025-02-18 12:24:01'),
	(5, 1, 'c83992bb-839f-4a9e-a164-935566835e4e', 'WOOD_SWORD$null', 200, '2025-02-18 12:24:06'),
	(6, 1, 'c83992bb-839f-4a9e-a164-935566835e4e', 'STONE_SWORD$null', 400, '2025-02-18 12:24:17'),
	(7, 2, 'c83992bb-839f-4a9e-a164-935566835e4e', 'WOOD_SWORD$null', 200, '2025-02-25 07:11:01'),
	(8, 2, '52a6c4d4-8f4a-3565-b3c6-3d2f57468391', 'GOLD_SWORD$null', 250, '2025-02-25 07:11:15'),
	(9, 2, '52a6c4d4-8f4a-3565-b3c6-3d2f57468391', 'GOLD_SWORD$null', 250, '2025-02-25 07:11:50'),
	(10, 2, '52a6c4d4-8f4a-3565-b3c6-3d2f57468391', 'ENCHANTED_BOOK$§bUnbreaking', 100, '2025-02-25 07:12:59'),
	(11, 2, 'c83992bb-839f-4a9e-a164-935566835e4e', 'GOLD_SWORD$null', 250, '2025-02-25 07:13:00'),
	(12, 2, '52a6c4d4-8f4a-3565-b3c6-3d2f57468391', 'ENCHANTED_BOOK$§bProtection', 300, '2025-02-25 07:13:00'),
	(13, 2, 'c83992bb-839f-4a9e-a164-935566835e4e', 'DIAMOND_CHESTPLATE$null', 1600, '2025-02-25 07:13:23'),
	(14, 2, 'c83992bb-839f-4a9e-a164-935566835e4e', 'STONE_SWORD$null', 400, '2025-02-25 07:20:35'),
	(15, 2, 'c83992bb-839f-4a9e-a164-935566835e4e', 'GOLD_SWORD$null', 250, '2025-02-25 07:20:52'),
	(16, 2, '52a6c4d4-8f4a-3565-b3c6-3d2f57468391', 'BOW$null', 1000, '2025-02-25 07:22:45'),
	(17, 2, '52a6c4d4-8f4a-3565-b3c6-3d2f57468391', 'ARROW$null', 50, '2025-02-25 07:22:45'),
	(18, 2, '52a6c4d4-8f4a-3565-b3c6-3d2f57468391', 'DIAMOND_SWORD$null', 1800, '2025-02-25 07:23:05'),
	(19, 2, 'c83992bb-839f-4a9e-a164-935566835e4e', 'BOW$null', 1000, '2025-02-25 07:24:13'),
	(20, 2, 'c83992bb-839f-4a9e-a164-935566835e4e', 'ARROW$null', 50, '2025-02-25 07:24:13'),
	(21, 2, 'c83992bb-839f-4a9e-a164-935566835e4e', 'ARROW$null', 50, '2025-02-25 07:24:13'),
	(22, 2, 'c83992bb-839f-4a9e-a164-935566835e4e', 'ARROW$null', 50, '2025-02-25 07:24:13'),
	(23, 2, 'c83992bb-839f-4a9e-a164-935566835e4e', 'ARROW$null', 50, '2025-02-25 07:24:13'),
	(24, 2, 'c83992bb-839f-4a9e-a164-935566835e4e', 'ARROW$null', 50, '2025-02-25 07:24:13'),
	(25, 2, '52a6c4d4-8f4a-3565-b3c6-3d2f57468391', 'ARROW$null', 50, '2025-02-25 07:24:13'),
	(26, 2, 'c83992bb-839f-4a9e-a164-935566835e4e', 'ARROW$null', 50, '2025-02-25 07:24:13'),
	(27, 2, 'c83992bb-839f-4a9e-a164-935566835e4e', 'ARROW$null', 50, '2025-02-25 07:24:13'),
	(28, 2, '52a6c4d4-8f4a-3565-b3c6-3d2f57468391', 'ARROW$null', 50, '2025-02-25 07:24:14'),
	(29, 2, '52a6c4d4-8f4a-3565-b3c6-3d2f57468391', 'ARROW$null', 50, '2025-02-25 07:24:14'),
	(30, 2, 'c83992bb-839f-4a9e-a164-935566835e4e', 'ARROW$null', 50, '2025-02-25 07:24:14'),
	(31, 2, 'c83992bb-839f-4a9e-a164-935566835e4e', 'ARROW$null', 50, '2025-02-25 07:24:14'),
	(32, 2, 'c83992bb-839f-4a9e-a164-935566835e4e', 'ARROW$null', 50, '2025-02-25 07:24:14'),
	(33, 2, 'c83992bb-839f-4a9e-a164-935566835e4e', 'ARROW$null', 50, '2025-02-25 07:24:14'),
	(34, 2, 'c83992bb-839f-4a9e-a164-935566835e4e', 'ARROW$null', 50, '2025-02-25 07:24:14'),
	(35, 2, 'c83992bb-839f-4a9e-a164-935566835e4e', 'ARROW$null', 50, '2025-02-25 07:24:14'),
	(36, 2, 'c83992bb-839f-4a9e-a164-935566835e4e', 'ARROW$null', 50, '2025-02-25 07:24:14'),
	(37, 2, 'c83992bb-839f-4a9e-a164-935566835e4e', 'ARROW$null', 50, '2025-02-25 07:24:15'),
	(38, 2, 'c83992bb-839f-4a9e-a164-935566835e4e', 'ARROW$null', 50, '2025-02-25 07:24:15'),
	(39, 2, 'c83992bb-839f-4a9e-a164-935566835e4e', 'ARROW$null', 50, '2025-02-25 07:24:15'),
	(40, 2, 'c83992bb-839f-4a9e-a164-935566835e4e', 'ARROW$null', 50, '2025-02-25 07:24:15'),
	(41, 2, 'c83992bb-839f-4a9e-a164-935566835e4e', 'ARROW$null', 50, '2025-02-25 07:24:15'),
	(42, 2, '52a6c4d4-8f4a-3565-b3c6-3d2f57468391', 'SNOW_BALL$null', 2, '2025-02-25 07:24:15'),
	(43, 2, 'c83992bb-839f-4a9e-a164-935566835e4e', 'ARROW$null', 50, '2025-02-25 07:24:15'),
	(44, 2, '52a6c4d4-8f4a-3565-b3c6-3d2f57468391', 'SNOW_BALL$null', 2, '2025-02-25 07:24:15'),
	(45, 2, 'c83992bb-839f-4a9e-a164-935566835e4e', 'ARROW$null', 50, '2025-02-25 07:24:15'),
	(46, 2, '52a6c4d4-8f4a-3565-b3c6-3d2f57468391', 'SNOW_BALL$null', 2, '2025-02-25 07:24:15'),
	(47, 2, '52a6c4d4-8f4a-3565-b3c6-3d2f57468391', 'SNOW_BALL$null', 2, '2025-02-25 07:24:15'),
	(48, 2, '52a6c4d4-8f4a-3565-b3c6-3d2f57468391', 'SNOW_BALL$null', 2, '2025-02-25 07:24:15'),
	(49, 2, '52a6c4d4-8f4a-3565-b3c6-3d2f57468391', 'SNOW_BALL$null', 2, '2025-02-25 07:24:16'),
	(50, 2, '52a6c4d4-8f4a-3565-b3c6-3d2f57468391', 'SNOW_BALL$null', 2, '2025-02-25 07:24:16'),
	(51, 2, '52a6c4d4-8f4a-3565-b3c6-3d2f57468391', 'SNOW_BALL$null', 2, '2025-02-25 07:24:16'),
	(52, 2, '52a6c4d4-8f4a-3565-b3c6-3d2f57468391', 'SNOW_BALL$null', 2, '2025-02-25 07:24:16'),
	(53, 2, '52a6c4d4-8f4a-3565-b3c6-3d2f57468391', 'SNOW_BALL$null', 2, '2025-02-25 07:24:16'),
	(54, 2, '52a6c4d4-8f4a-3565-b3c6-3d2f57468391', 'SNOW_BALL$null', 2, '2025-02-25 07:24:16'),
	(55, 2, '52a6c4d4-8f4a-3565-b3c6-3d2f57468391', 'SNOW_BALL$null', 2, '2025-02-25 07:24:16'),
	(56, 2, '52a6c4d4-8f4a-3565-b3c6-3d2f57468391', 'SNOW_BALL$null', 2, '2025-02-25 07:24:16'),
	(57, 2, 'c83992bb-839f-4a9e-a164-935566835e4e', 'ENCHANTED_BOOK$§bFlame', 1500, '2025-02-25 07:24:19'),
	(58, 3, 'c83992bb-839f-4a9e-a164-935566835e4e', 'WOOD_SWORD$null', 200, '2025-02-25 14:02:19'),
	(59, 3, '4028be1d-4312-4912-99c7-fef783b65945', 'WOOD_SWORD$null', 200, '2025-02-25 14:02:31'),
	(60, 4, '4028be1d-4312-4912-99c7-fef783b65945', 'WOOD_SWORD$null', 200, '2025-02-25 14:21:51'),
	(61, 4, 'c83992bb-839f-4a9e-a164-935566835e4e', 'WOOD_SWORD$null', 200, '2025-02-25 14:22:01'),
	(62, 5, '4028be1d-4312-4912-99c7-fef783b65945', 'WOOD_SWORD$null', 200, '2025-02-25 14:22:47'),
	(63, 6, '4028be1d-4312-4912-99c7-fef783b65945', 'WOOD_SWORD$null', 200, '2025-02-25 15:40:10'),
	(64, 6, 'c83992bb-839f-4a9e-a164-935566835e4e', 'LEATHER_BOOTS$null', 100, '2025-02-25 15:40:16'),
	(65, 6, 'c83992bb-839f-4a9e-a164-935566835e4e', 'GOLD_SWORD$null', 250, '2025-02-25 15:40:34'),
	(66, 8, '4028be1d-4312-4912-99c7-fef783b65945', 'WOOD_SWORD$null', 200, '2025-03-27 17:04:54'),
	(67, 8, '9bd322dc-0038-4af2-a1dc-9b393e6600e6', 'GOLD_SWORD$null', 250, '2025-03-27 17:05:02'),
	(69, 8, '9c124c4f-9ab1-31ea-85cd-983fda58c14d', 'GOLD_SWORD$null', 250, '2025-03-27 17:05:05'),
	(70, 8, '9c124c4f-9ab1-31ea-85cd-983fda58c14d', 'GOLD_SWORD$null', 250, '2025-03-27 17:05:17'),
	(71, 8, '4028be1d-4312-4912-99c7-fef783b65945', 'STONE_SWORD$null', 400, '2025-03-27 17:05:28'),
	(72, 8, '9c124c4f-9ab1-31ea-85cd-983fda58c14d', 'STONE_SWORD$null', 400, '2025-03-27 17:05:38'),
	(73, 8, '9bd322dc-0038-4af2-a1dc-9b393e6600e6', 'GOLD_SWORD$null', 250, '2025-03-27 17:05:41'),
	(74, 8, '4028be1d-4312-4912-99c7-fef783b65945', 'LEATHER_CHESTPLATE$null', 200, '2025-03-27 17:05:41'),
	(75, 8, '4028be1d-4312-4912-99c7-fef783b65945', 'LEATHER_LEGGINGS$null', 150, '2025-03-27 17:05:42'),
	(76, 8, '9c124c4f-9ab1-31ea-85cd-983fda58c14d', 'LEATHER_CHESTPLATE$null', 200, '2025-03-27 17:05:51'),
	(77, 8, '9c124c4f-9ab1-31ea-85cd-983fda58c14d', 'LEATHER_HELMET$null', 100, '2025-03-27 17:05:52'),
	(78, 8, '4028be1d-4312-4912-99c7-fef783b65945', 'LEATHER_BOOTS$null', 100, '2025-03-27 17:05:56'),
	(79, 8, '4028be1d-4312-4912-99c7-fef783b65945', 'LEATHER_CHESTPLATE$null', 200, '2025-03-27 17:05:57'),
	(80, 8, '9bd322dc-0038-4af2-a1dc-9b393e6600e6', 'GOLD_SWORD$null', 250, '2025-03-27 17:06:01'),
	(81, 8, '4028be1d-4312-4912-99c7-fef783b65945', 'LEATHER_HELMET$null', 100, '2025-03-27 17:06:04'),
	(82, 8, '9bd322dc-0038-4af2-a1dc-9b393e6600e6', 'LEATHER_CHESTPLATE$null', 200, '2025-03-27 17:06:11'),
	(83, 8, '9c124c4f-9ab1-31ea-85cd-983fda58c14d', 'GOLD_SWORD$null', 250, '2025-03-27 17:06:21'),
	(84, 8, '4028be1d-4312-4912-99c7-fef783b65945', 'SNOW_BALL$null', 2, '2025-03-27 17:06:23'),
	(85, 8, '4028be1d-4312-4912-99c7-fef783b65945', 'SNOW_BALL$null', 2, '2025-03-27 17:06:23'),
	(86, 8, '4028be1d-4312-4912-99c7-fef783b65945', 'SNOW_BALL$null', 2, '2025-03-27 17:06:23'),
	(87, 8, '4028be1d-4312-4912-99c7-fef783b65945', 'SNOW_BALL$null', 2, '2025-03-27 17:06:23'),
	(88, 8, '9bd322dc-0038-4af2-a1dc-9b393e6600e6', 'GOLD_SWORD$null', 250, '2025-03-27 17:06:36'),
	(89, 8, '9c124c4f-9ab1-31ea-85cd-983fda58c14d', 'GOLD_SWORD$null', 250, '2025-03-27 17:06:41'),
	(90, 8, '4028be1d-4312-4912-99c7-fef783b65945', 'IRON_SWORD$null', 900, '2025-03-27 17:06:46'),
	(91, 8, 'dfc2bfed-46f3-4d71-ad71-8025e42a778a', 'LEATHER_CHESTPLATE$null', 200, '2025-03-27 17:06:49'),
	(92, 8, '9c124c4f-9ab1-31ea-85cd-983fda58c14d', 'STONE_SWORD$null', 400, '2025-03-27 17:06:53'),
	(93, 8, 'dfc2bfed-46f3-4d71-ad71-8025e42a778a', 'WOOD_SWORD$null', 200, '2025-03-27 17:06:53'),
	(94, 8, '9bd322dc-0038-4af2-a1dc-9b393e6600e6', 'GOLD_SWORD$null', 250, '2025-03-27 17:06:53'),
	(95, 8, 'dfc2bfed-46f3-4d71-ad71-8025e42a778a', 'LEATHER_LEGGINGS$null', 150, '2025-03-27 17:07:07'),
	(96, 8, '9bd322dc-0038-4af2-a1dc-9b393e6600e6', 'GOLD_SWORD$null', 250, '2025-03-27 17:07:10'),
	(97, 8, '9c124c4f-9ab1-31ea-85cd-983fda58c14d', 'GOLD_SWORD$null', 250, '2025-03-27 17:07:29'),
	(98, 8, '9bd322dc-0038-4af2-a1dc-9b393e6600e6', 'GOLD_CHESTPLATE$null', 400, '2025-03-27 17:07:39'),
	(99, 8, '9bd322dc-0038-4af2-a1dc-9b393e6600e6', 'WOOD_SWORD$null', 200, '2025-03-27 17:07:48'),
	(100, 9, '4028be1d-4312-4912-99c7-fef783b65945', 'WOOD_SWORD$null', 200, '2025-03-27 17:09:14'),
	(101, 9, '9c124c4f-9ab1-31ea-85cd-983fda58c14d', 'GOLD_SWORD$null', 250, '2025-03-27 17:09:14'),
	(102, 9, 'dfc2bfed-46f3-4d71-ad71-8025e42a778a', 'WOOD_SWORD$null', 200, '2025-03-27 17:09:16'),
	(103, 9, '9bd322dc-0038-4af2-a1dc-9b393e6600e6', 'GOLD_SWORD$null', 250, '2025-03-27 17:09:17'),
	(104, 9, '9c124c4f-9ab1-31ea-85cd-983fda58c14d', 'GOLD_SWORD$null', 250, '2025-03-27 17:09:32'),
	(105, 9, '4028be1d-4312-4912-99c7-fef783b65945', 'WOOD_SWORD$null', 200, '2025-03-27 17:09:37'),
	(106, 9, '9bd322dc-0038-4af2-a1dc-9b393e6600e6', 'GOLD_SWORD$null', 250, '2025-03-27 17:09:41'),
	(107, 9, '9c124c4f-9ab1-31ea-85cd-983fda58c14d', 'GOLD_SWORD$null', 250, '2025-03-27 17:09:45'),
	(108, 9, 'dfc2bfed-46f3-4d71-ad71-8025e42a778a', 'WOOD_SWORD$null', 200, '2025-03-27 17:09:47'),
	(109, 9, '4028be1d-4312-4912-99c7-fef783b65945', 'LEATHER_LEGGINGS$null', 150, '2025-03-27 17:09:48'),
	(110, 9, '4028be1d-4312-4912-99c7-fef783b65945', 'LEATHER_CHESTPLATE$null', 200, '2025-03-27 17:09:48'),
	(111, 9, '4028be1d-4312-4912-99c7-fef783b65945', 'LEATHER_HELMET$null', 100, '2025-03-27 17:09:49'),
	(112, 9, '4028be1d-4312-4912-99c7-fef783b65945', 'LEATHER_BOOTS$null', 100, '2025-03-27 17:09:50'),
	(113, 9, '9bd322dc-0038-4af2-a1dc-9b393e6600e6', 'GOLD_SWORD$null', 250, '2025-03-27 17:09:58'),
	(114, 9, '9c124c4f-9ab1-31ea-85cd-983fda58c14d', 'GOLD_SWORD$null', 250, '2025-03-27 17:10:01'),
	(115, 9, '9c124c4f-9ab1-31ea-85cd-983fda58c14d', 'LEATHER_CHESTPLATE$null', 200, '2025-03-27 17:10:04'),
	(116, 9, '9c124c4f-9ab1-31ea-85cd-983fda58c14d', 'LEATHER_HELMET$null', 100, '2025-03-27 17:10:05'),
	(117, 9, '9c124c4f-9ab1-31ea-85cd-983fda58c14d', 'LEATHER_BOOTS$null', 100, '2025-03-27 17:10:06'),
	(118, 9, '9bd322dc-0038-4af2-a1dc-9b393e6600e6', 'GOLD_SWORD$null', 250, '2025-03-27 17:10:08'),
	(119, 9, '4028be1d-4312-4912-99c7-fef783b65945', 'IRON_SWORD$null', 900, '2025-03-27 17:10:14'),
	(120, 9, 'dfc2bfed-46f3-4d71-ad71-8025e42a778a', 'STONE_SWORD$null', 400, '2025-03-27 17:10:16'),
	(121, 9, '4028be1d-4312-4912-99c7-fef783b65945', 'LEATHER_CHESTPLATE$null', 200, '2025-03-27 17:10:18'),
	(122, 9, '4028be1d-4312-4912-99c7-fef783b65945', 'LEATHER_HELMET$null', 100, '2025-03-27 17:10:18'),
	(123, 9, 'dfc2bfed-46f3-4d71-ad71-8025e42a778a', 'LEATHER_CHESTPLATE$null', 200, '2025-03-27 17:10:19'),
	(124, 9, 'dfc2bfed-46f3-4d71-ad71-8025e42a778a', 'LEATHER_LEGGINGS$null', 150, '2025-03-27 17:10:20'),
	(125, 9, '9bd322dc-0038-4af2-a1dc-9b393e6600e6', 'GOLD_SWORD$null', 250, '2025-03-27 17:10:23'),
	(126, 9, '9c124c4f-9ab1-31ea-85cd-983fda58c14d', 'GOLD_SWORD$null', 250, '2025-03-27 17:10:36'),
	(127, 9, 'dfc2bfed-46f3-4d71-ad71-8025e42a778a', 'LEATHER_HELMET$null', 100, '2025-03-27 17:10:36'),
	(128, 9, '9c124c4f-9ab1-31ea-85cd-983fda58c14d', 'CHAINMAIL_HELMET$null', 200, '2025-03-27 17:10:41'),
	(129, 9, '9bd322dc-0038-4af2-a1dc-9b393e6600e6', 'GOLD_SWORD$null', 250, '2025-03-27 17:10:41'),
	(130, 9, '9c124c4f-9ab1-31ea-85cd-983fda58c14d', 'CHAINMAIL_CHESTPLATE$null', 400, '2025-03-27 17:10:42'),
	(131, 9, '9c124c4f-9ab1-31ea-85cd-983fda58c14d', 'CHAINMAIL_LEGGINGS$null', 300, '2025-03-27 17:10:42'),
	(132, 9, '4028be1d-4312-4912-99c7-fef783b65945', 'ENCHANTED_BOOK$§bFire Aspect', 1000, '2025-03-27 17:10:44'),
	(133, 9, '9bd322dc-0038-4af2-a1dc-9b393e6600e6', 'GOLD_SWORD$null', 250, '2025-03-27 17:10:57'),
	(134, 9, '9bd322dc-0038-4af2-a1dc-9b393e6600e6', 'GOLD_SWORD$null', 250, '2025-03-27 17:11:12'),
	(135, 9, '4028be1d-4312-4912-99c7-fef783b65945', 'IRON_SWORD$null', 900, '2025-03-27 17:11:14'),
	(136, 9, '4028be1d-4312-4912-99c7-fef783b65945', 'ENCHANTED_BOOK$§bFire Aspect', 1000, '2025-03-27 17:11:17'),
	(137, 9, 'dfc2bfed-46f3-4d71-ad71-8025e42a778a', 'LEATHER_CHESTPLATE$null', 200, '2025-03-27 17:11:18'),
	(138, 9, 'dfc2bfed-46f3-4d71-ad71-8025e42a778a', 'STONE_SWORD$null', 400, '2025-03-27 17:11:20'),
	(139, 9, '4028be1d-4312-4912-99c7-fef783b65945', 'LEATHER_CHESTPLATE$null', 200, '2025-03-27 17:11:21'),
	(140, 9, '9bd322dc-0038-4af2-a1dc-9b393e6600e6', 'LEATHER_CHESTPLATE$null', 200, '2025-03-27 17:11:24'),
	(141, 9, '9bd322dc-0038-4af2-a1dc-9b393e6600e6', 'GOLD_SWORD$null', 250, '2025-03-27 17:11:39'),
	(142, 9, '9bd322dc-0038-4af2-a1dc-9b393e6600e6', 'LEATHER_CHESTPLATE$null', 200, '2025-03-27 17:11:42'),
	(143, 9, '9c124c4f-9ab1-31ea-85cd-983fda58c14d', 'DIAMOND_SWORD$null', 1800, '2025-03-27 17:11:43'),
	(144, 9, '9c124c4f-9ab1-31ea-85cd-983fda58c14d', 'CHAINMAIL_BOOTS$null', 200, '2025-03-27 17:11:45'),
	(145, 9, '4028be1d-4312-4912-99c7-fef783b65945', 'LEATHER_LEGGINGS$null', 150, '2025-03-27 17:11:47'),
	(146, 9, '4028be1d-4312-4912-99c7-fef783b65945', 'LEATHER_CHESTPLATE$null', 200, '2025-03-27 17:11:48'),
	(147, 9, 'dfc2bfed-46f3-4d71-ad71-8025e42a778a', 'LEATHER_CHESTPLATE$null', 200, '2025-03-27 17:12:08'),
	(148, 9, 'dfc2bfed-46f3-4d71-ad71-8025e42a778a', 'LEATHER_LEGGINGS$null', 150, '2025-03-27 17:12:09'),
	(149, 9, 'dfc2bfed-46f3-4d71-ad71-8025e42a778a', 'STONE_SWORD$null', 400, '2025-03-27 17:12:20'),
	(150, 9, '9bd322dc-0038-4af2-a1dc-9b393e6600e6', 'GOLD_SWORD$null', 250, '2025-03-27 17:12:22'),
	(151, 9, '4028be1d-4312-4912-99c7-fef783b65945', 'LEATHER_BOOTS$null', 100, '2025-03-27 17:12:24'),
	(152, 9, '9c124c4f-9ab1-31ea-85cd-983fda58c14d', 'IRON_CHESTPLATE$null', 800, '2025-03-27 17:12:25'),
	(153, 9, '4028be1d-4312-4912-99c7-fef783b65945', 'LEATHER_HELMET$null', 100, '2025-03-27 17:12:25'),
	(154, 9, '9bd322dc-0038-4af2-a1dc-9b393e6600e6', 'SNOW_BALL$null', 2, '2025-03-27 17:12:30'),
	(155, 9, '9bd322dc-0038-4af2-a1dc-9b393e6600e6', 'SNOW_BALL$null', 2, '2025-03-27 17:12:30'),
	(156, 9, '9bd322dc-0038-4af2-a1dc-9b393e6600e6', 'SNOW_BALL$null', 2, '2025-03-27 17:12:31'),
	(157, 9, '9bd322dc-0038-4af2-a1dc-9b393e6600e6', 'SNOW_BALL$null', 2, '2025-03-27 17:12:31'),
	(158, 9, '9bd322dc-0038-4af2-a1dc-9b393e6600e6', 'SNOW_BALL$null', 2, '2025-03-27 17:12:31'),
	(159, 9, '9bd322dc-0038-4af2-a1dc-9b393e6600e6', 'SNOW_BALL$null', 2, '2025-03-27 17:12:31'),
	(160, 9, '9bd322dc-0038-4af2-a1dc-9b393e6600e6', 'SNOW_BALL$null', 2, '2025-03-27 17:12:31'),
	(161, 9, '9bd322dc-0038-4af2-a1dc-9b393e6600e6', 'SNOW_BALL$null', 2, '2025-03-27 17:12:31'),
	(162, 9, '9bd322dc-0038-4af2-a1dc-9b393e6600e6', 'SNOW_BALL$null', 2, '2025-03-27 17:12:31'),
	(163, 9, '9bd322dc-0038-4af2-a1dc-9b393e6600e6', 'SNOW_BALL$null', 2, '2025-03-27 17:12:31'),
	(164, 9, '9bd322dc-0038-4af2-a1dc-9b393e6600e6', 'SNOW_BALL$null', 2, '2025-03-27 17:12:31'),
	(165, 9, '9bd322dc-0038-4af2-a1dc-9b393e6600e6', 'SNOW_BALL$null', 2, '2025-03-27 17:12:31'),
	(166, 9, '9bd322dc-0038-4af2-a1dc-9b393e6600e6', 'SNOW_BALL$null', 2, '2025-03-27 17:12:31'),
	(167, 9, '9bd322dc-0038-4af2-a1dc-9b393e6600e6', 'SNOW_BALL$null', 2, '2025-03-27 17:12:32'),
	(168, 9, '9bd322dc-0038-4af2-a1dc-9b393e6600e6', 'SNOW_BALL$null', 2, '2025-03-27 17:12:32'),
	(169, 9, '9bd322dc-0038-4af2-a1dc-9b393e6600e6', 'SNOW_BALL$null', 2, '2025-03-27 17:12:32'),
	(170, 9, '9bd322dc-0038-4af2-a1dc-9b393e6600e6', 'SNOW_BALL$null', 2, '2025-03-27 17:12:32'),
	(171, 9, '9bd322dc-0038-4af2-a1dc-9b393e6600e6', 'SNOW_BALL$null', 2, '2025-03-27 17:12:32'),
	(172, 9, '9bd322dc-0038-4af2-a1dc-9b393e6600e6', 'SNOW_BALL$null', 2, '2025-03-27 17:12:32'),
	(173, 9, '9bd322dc-0038-4af2-a1dc-9b393e6600e6', 'SNOW_BALL$null', 2, '2025-03-27 17:12:32'),
	(174, 9, '9bd322dc-0038-4af2-a1dc-9b393e6600e6', 'SNOW_BALL$null', 2, '2025-03-27 17:12:32'),
	(175, 9, '9bd322dc-0038-4af2-a1dc-9b393e6600e6', 'SNOW_BALL$null', 2, '2025-03-27 17:12:32'),
	(176, 9, '9bd322dc-0038-4af2-a1dc-9b393e6600e6', 'SNOW_BALL$null', 2, '2025-03-27 17:12:32'),
	(177, 9, '9bd322dc-0038-4af2-a1dc-9b393e6600e6', 'SNOW_BALL$null', 2, '2025-03-27 17:12:32'),
	(178, 9, '9bd322dc-0038-4af2-a1dc-9b393e6600e6', 'SNOW_BALL$null', 2, '2025-03-27 17:12:32'),
	(179, 9, '9bd322dc-0038-4af2-a1dc-9b393e6600e6', 'SNOW_BALL$null', 2, '2025-03-27 17:12:33'),
	(180, 9, '9bd322dc-0038-4af2-a1dc-9b393e6600e6', 'SNOW_BALL$null', 2, '2025-03-27 17:12:33'),
	(181, 9, '9bd322dc-0038-4af2-a1dc-9b393e6600e6', 'SNOW_BALL$null', 2, '2025-03-27 17:12:33'),
	(182, 9, '9bd322dc-0038-4af2-a1dc-9b393e6600e6', 'SNOW_BALL$null', 2, '2025-03-27 17:12:33'),
	(183, 9, '9bd322dc-0038-4af2-a1dc-9b393e6600e6', 'SNOW_BALL$null', 2, '2025-03-27 17:12:33'),
	(184, 9, '9bd322dc-0038-4af2-a1dc-9b393e6600e6', 'SNOW_BALL$null', 2, '2025-03-27 17:12:33'),
	(185, 9, '9bd322dc-0038-4af2-a1dc-9b393e6600e6', 'SNOW_BALL$null', 2, '2025-03-27 17:12:33'),
	(186, 9, '9bd322dc-0038-4af2-a1dc-9b393e6600e6', 'SNOW_BALL$null', 2, '2025-03-27 17:12:33'),
	(187, 9, '9bd322dc-0038-4af2-a1dc-9b393e6600e6', 'SNOW_BALL$null', 2, '2025-03-27 17:12:33'),
	(188, 9, '9bd322dc-0038-4af2-a1dc-9b393e6600e6', 'SNOW_BALL$null', 2, '2025-03-27 17:12:33'),
	(189, 9, '9bd322dc-0038-4af2-a1dc-9b393e6600e6', 'SNOW_BALL$null', 2, '2025-03-27 17:12:34'),
	(190, 9, '9bd322dc-0038-4af2-a1dc-9b393e6600e6', 'SNOW_BALL$null', 2, '2025-03-27 17:12:34'),
	(191, 9, '9bd322dc-0038-4af2-a1dc-9b393e6600e6', 'SNOW_BALL$null', 2, '2025-03-27 17:12:34'),
	(192, 9, '9bd322dc-0038-4af2-a1dc-9b393e6600e6', 'SNOW_BALL$null', 2, '2025-03-27 17:12:35'),
	(193, 9, '9bd322dc-0038-4af2-a1dc-9b393e6600e6', 'SNOW_BALL$null', 2, '2025-03-27 17:12:35'),
	(194, 9, '9bd322dc-0038-4af2-a1dc-9b393e6600e6', 'SNOW_BALL$null', 2, '2025-03-27 17:12:35'),
	(195, 9, '9bd322dc-0038-4af2-a1dc-9b393e6600e6', 'SNOW_BALL$null', 2, '2025-03-27 17:12:35'),
	(196, 9, '9bd322dc-0038-4af2-a1dc-9b393e6600e6', 'SNOW_BALL$null', 2, '2025-03-27 17:12:35'),
	(197, 9, '9bd322dc-0038-4af2-a1dc-9b393e6600e6', 'SNOW_BALL$null', 2, '2025-03-27 17:12:36'),
	(198, 9, '9bd322dc-0038-4af2-a1dc-9b393e6600e6', 'SNOW_BALL$null', 2, '2025-03-27 17:12:36'),
	(199, 9, '9bd322dc-0038-4af2-a1dc-9b393e6600e6', 'SNOW_BALL$null', 2, '2025-03-27 17:12:36'),
	(200, 9, '9bd322dc-0038-4af2-a1dc-9b393e6600e6', 'SNOW_BALL$null', 2, '2025-03-27 17:12:36'),
	(201, 9, '9bd322dc-0038-4af2-a1dc-9b393e6600e6', 'SNOW_BALL$null', 2, '2025-03-27 17:12:36'),
	(202, 9, '9bd322dc-0038-4af2-a1dc-9b393e6600e6', 'SNOW_BALL$null', 2, '2025-03-27 17:12:36'),
	(203, 9, '9bd322dc-0038-4af2-a1dc-9b393e6600e6', 'SNOW_BALL$null', 2, '2025-03-27 17:12:36'),
	(204, 9, '9bd322dc-0038-4af2-a1dc-9b393e6600e6', 'SNOW_BALL$null', 2, '2025-03-27 17:12:36'),
	(205, 9, '9bd322dc-0038-4af2-a1dc-9b393e6600e6', 'SNOW_BALL$null', 2, '2025-03-27 17:12:37'),
	(206, 9, '9bd322dc-0038-4af2-a1dc-9b393e6600e6', 'SNOW_BALL$null', 2, '2025-03-27 17:12:37'),
	(207, 9, '9bd322dc-0038-4af2-a1dc-9b393e6600e6', 'SNOW_BALL$null', 2, '2025-03-27 17:12:37'),
	(208, 9, '9bd322dc-0038-4af2-a1dc-9b393e6600e6', 'SNOW_BALL$null', 2, '2025-03-27 17:12:37'),
	(209, 9, '9bd322dc-0038-4af2-a1dc-9b393e6600e6', 'SNOW_BALL$null', 2, '2025-03-27 17:12:37'),
	(210, 9, '9bd322dc-0038-4af2-a1dc-9b393e6600e6', 'SNOW_BALL$null', 2, '2025-03-27 17:12:37'),
	(211, 9, '9bd322dc-0038-4af2-a1dc-9b393e6600e6', 'SNOW_BALL$null', 2, '2025-03-27 17:12:37'),
	(212, 9, '9bd322dc-0038-4af2-a1dc-9b393e6600e6', 'SNOW_BALL$null', 2, '2025-03-27 17:12:37'),
	(213, 9, '9bd322dc-0038-4af2-a1dc-9b393e6600e6', 'SNOW_BALL$null', 2, '2025-03-27 17:12:37'),
	(214, 9, '9bd322dc-0038-4af2-a1dc-9b393e6600e6', 'SNOW_BALL$null', 2, '2025-03-27 17:12:37'),
	(215, 9, '9bd322dc-0038-4af2-a1dc-9b393e6600e6', 'SNOW_BALL$null', 2, '2025-03-27 17:12:38'),
	(216, 9, '9bd322dc-0038-4af2-a1dc-9b393e6600e6', 'SNOW_BALL$null', 2, '2025-03-27 17:12:38'),
	(217, 9, '9bd322dc-0038-4af2-a1dc-9b393e6600e6', 'SNOW_BALL$null', 2, '2025-03-27 17:12:38'),
	(218, 9, '9bd322dc-0038-4af2-a1dc-9b393e6600e6', 'SNOW_BALL$null', 2, '2025-03-27 17:12:38'),
	(219, 9, '9bd322dc-0038-4af2-a1dc-9b393e6600e6', 'SNOW_BALL$null', 2, '2025-03-27 17:12:38'),
	(220, 9, '9bd322dc-0038-4af2-a1dc-9b393e6600e6', 'SNOW_BALL$null', 2, '2025-03-27 17:12:39'),
	(221, 9, '9bd322dc-0038-4af2-a1dc-9b393e6600e6', 'SNOW_BALL$null', 2, '2025-03-27 17:12:39'),
	(222, 9, '9bd322dc-0038-4af2-a1dc-9b393e6600e6', 'SNOW_BALL$null', 2, '2025-03-27 17:12:39'),
	(223, 9, '9bd322dc-0038-4af2-a1dc-9b393e6600e6', 'SNOW_BALL$null', 2, '2025-03-27 17:12:40'),
	(224, 9, '9bd322dc-0038-4af2-a1dc-9b393e6600e6', 'SNOW_BALL$null', 2, '2025-03-27 17:12:40'),
	(225, 9, '9bd322dc-0038-4af2-a1dc-9b393e6600e6', 'SNOW_BALL$null', 2, '2025-03-27 17:12:40'),
	(226, 9, '9bd322dc-0038-4af2-a1dc-9b393e6600e6', 'SNOW_BALL$null', 2, '2025-03-27 17:12:40'),
	(227, 9, '9bd322dc-0038-4af2-a1dc-9b393e6600e6', 'SNOW_BALL$null', 2, '2025-03-27 17:12:40'),
	(228, 9, '9bd322dc-0038-4af2-a1dc-9b393e6600e6', 'SNOW_BALL$null', 2, '2025-03-27 17:12:40'),
	(229, 9, '9bd322dc-0038-4af2-a1dc-9b393e6600e6', 'SNOW_BALL$null', 2, '2025-03-27 17:12:40'),
	(230, 9, '9bd322dc-0038-4af2-a1dc-9b393e6600e6', 'SNOW_BALL$null', 2, '2025-03-27 17:12:40'),
	(231, 9, '9bd322dc-0038-4af2-a1dc-9b393e6600e6', 'SNOW_BALL$null', 2, '2025-03-27 17:12:40'),
	(232, 9, '9bd322dc-0038-4af2-a1dc-9b393e6600e6', 'SNOW_BALL$null', 2, '2025-03-27 17:12:40'),
	(233, 9, '9bd322dc-0038-4af2-a1dc-9b393e6600e6', 'SNOW_BALL$null', 2, '2025-03-27 17:12:41'),
	(234, 9, '9bd322dc-0038-4af2-a1dc-9b393e6600e6', 'SNOW_BALL$null', 2, '2025-03-27 17:12:41'),
	(235, 9, '9bd322dc-0038-4af2-a1dc-9b393e6600e6', 'SNOW_BALL$null', 2, '2025-03-27 17:12:41'),
	(236, 9, '9bd322dc-0038-4af2-a1dc-9b393e6600e6', 'SNOW_BALL$null', 2, '2025-03-27 17:12:41'),
	(237, 9, '9bd322dc-0038-4af2-a1dc-9b393e6600e6', 'SNOW_BALL$null', 2, '2025-03-27 17:12:41'),
	(238, 9, '9bd322dc-0038-4af2-a1dc-9b393e6600e6', 'SNOW_BALL$null', 2, '2025-03-27 17:12:41'),
	(239, 9, '9bd322dc-0038-4af2-a1dc-9b393e6600e6', 'SNOW_BALL$null', 2, '2025-03-27 17:12:41'),
	(240, 9, '9bd322dc-0038-4af2-a1dc-9b393e6600e6', 'SNOW_BALL$null', 2, '2025-03-27 17:12:41'),
	(241, 9, '9bd322dc-0038-4af2-a1dc-9b393e6600e6', 'SNOW_BALL$null', 2, '2025-03-27 17:12:41'),
	(242, 9, '9bd322dc-0038-4af2-a1dc-9b393e6600e6', 'SNOW_BALL$null', 2, '2025-03-27 17:12:41'),
	(243, 9, '9bd322dc-0038-4af2-a1dc-9b393e6600e6', 'SNOW_BALL$null', 2, '2025-03-27 17:12:41'),
	(244, 9, '9bd322dc-0038-4af2-a1dc-9b393e6600e6', 'SNOW_BALL$null', 2, '2025-03-27 17:12:41'),
	(245, 9, '9bd322dc-0038-4af2-a1dc-9b393e6600e6', 'SNOW_BALL$null', 2, '2025-03-27 17:12:41'),
	(246, 9, '9bd322dc-0038-4af2-a1dc-9b393e6600e6', 'SNOW_BALL$null', 2, '2025-03-27 17:12:41'),
	(247, 9, '9bd322dc-0038-4af2-a1dc-9b393e6600e6', 'SNOW_BALL$null', 2, '2025-03-27 17:12:42'),
	(248, 9, '9bd322dc-0038-4af2-a1dc-9b393e6600e6', 'SNOW_BALL$null', 2, '2025-03-27 17:12:42'),
	(249, 9, '9bd322dc-0038-4af2-a1dc-9b393e6600e6', 'SNOW_BALL$null', 2, '2025-03-27 17:12:42'),
	(250, 9, '9bd322dc-0038-4af2-a1dc-9b393e6600e6', 'SNOW_BALL$null', 2, '2025-03-27 17:12:42'),
	(251, 9, '9bd322dc-0038-4af2-a1dc-9b393e6600e6', 'SNOW_BALL$null', 2, '2025-03-27 17:12:42'),
	(252, 9, '9bd322dc-0038-4af2-a1dc-9b393e6600e6', 'SNOW_BALL$null', 2, '2025-03-27 17:12:42'),
	(253, 9, '9bd322dc-0038-4af2-a1dc-9b393e6600e6', 'SNOW_BALL$null', 2, '2025-03-27 17:12:42'),
	(254, 9, '9bd322dc-0038-4af2-a1dc-9b393e6600e6', 'SNOW_BALL$null', 2, '2025-03-27 17:12:42'),
	(255, 9, '9bd322dc-0038-4af2-a1dc-9b393e6600e6', 'SNOW_BALL$null', 2, '2025-03-27 17:12:42'),
	(256, 9, '9bd322dc-0038-4af2-a1dc-9b393e6600e6', 'SNOW_BALL$null', 2, '2025-03-27 17:12:42'),
	(257, 9, '9bd322dc-0038-4af2-a1dc-9b393e6600e6', 'SNOW_BALL$null', 2, '2025-03-27 17:12:42'),
	(258, 9, '9bd322dc-0038-4af2-a1dc-9b393e6600e6', 'SNOW_BALL$null', 2, '2025-03-27 17:12:43'),
	(259, 9, '9bd322dc-0038-4af2-a1dc-9b393e6600e6', 'SNOW_BALL$null', 2, '2025-03-27 17:12:43'),
	(260, 9, '9bd322dc-0038-4af2-a1dc-9b393e6600e6', 'SNOW_BALL$null', 2, '2025-03-27 17:12:44'),
	(261, 10, '4028be1d-4312-4912-99c7-fef783b65945', 'DIAMOND$null', 15000, '2025-03-27 17:44:36'),
	(262, 11, '4028be1d-4312-4912-99c7-fef783b65945', 'WOOD_SWORD$null', 200, '2025-03-27 17:45:44'),
	(263, 11, '9bd322dc-0038-4af2-a1dc-9b393e6600e6', 'GOLD_SWORD$null', 250, '2025-03-27 17:45:44'),
	(264, 11, 'dfc2bfed-46f3-4d71-ad71-8025e42a778a', 'WOOD_SWORD$null', 200, '2025-03-27 17:45:45'),
	(265, 11, '9c124c4f-9ab1-31ea-85cd-983fda58c14d', 'GOLD_SWORD$null', 250, '2025-03-27 17:45:47'),
	(266, 11, 'dfc2bfed-46f3-4d71-ad71-8025e42a778a', 'WOOD_SWORD$null', 200, '2025-03-27 17:45:59'),
	(267, 11, '9c124c4f-9ab1-31ea-85cd-983fda58c14d', 'GOLD_SWORD$null', 250, '2025-03-27 17:46:00'),
	(268, 11, '4028be1d-4312-4912-99c7-fef783b65945', 'LEATHER_LEGGINGS$null', 150, '2025-03-27 17:46:01'),
	(269, 11, '4028be1d-4312-4912-99c7-fef783b65945', 'LEATHER_CHESTPLATE$null', 200, '2025-03-27 17:46:01'),
	(270, 11, '9c124c4f-9ab1-31ea-85cd-983fda58c14d', 'WOOD_SWORD$null', 200, '2025-03-27 17:46:11'),
	(271, 11, 'dfc2bfed-46f3-4d71-ad71-8025e42a778a', 'WOOD_SWORD$null', 200, '2025-03-27 17:46:15'),
	(272, 11, '9bd322dc-0038-4af2-a1dc-9b393e6600e6', 'GOLD_SWORD$null', 250, '2025-03-27 17:46:31'),
	(273, 11, '9c124c4f-9ab1-31ea-85cd-983fda58c14d', 'GOLD_SWORD$null', 250, '2025-03-27 17:46:39'),
	(274, 11, '4028be1d-4312-4912-99c7-fef783b65945', 'IRON_SWORD$null', 900, '2025-03-27 17:46:48'),
	(275, 11, 'dfc2bfed-46f3-4d71-ad71-8025e42a778a', 'STONE_SWORD$null', 400, '2025-03-27 17:46:53'),
	(276, 11, '9c124c4f-9ab1-31ea-85cd-983fda58c14d', 'IRON_CHESTPLATE$null', 800, '2025-03-27 17:46:56'),
	(277, 11, '9c124c4f-9ab1-31ea-85cd-983fda58c14d', 'LEATHER_LEGGINGS$null', 150, '2025-03-27 17:46:59'),
	(278, 11, 'dfc2bfed-46f3-4d71-ad71-8025e42a778a', 'STONE_SWORD$null', 400, '2025-03-27 17:47:01'),
	(279, 11, '4028be1d-4312-4912-99c7-fef783b65945', 'LEATHER_LEGGINGS$null', 150, '2025-03-27 17:47:21'),
	(280, 11, '9bd322dc-0038-4af2-a1dc-9b393e6600e6', 'GOLD_CHESTPLATE$null', 400, '2025-03-27 17:47:21'),
	(281, 11, '4028be1d-4312-4912-99c7-fef783b65945', 'LEATHER_CHESTPLATE$null', 200, '2025-03-27 17:47:23'),
	(282, 11, '4028be1d-4312-4912-99c7-fef783b65945', 'SNOW_BALL$null', 2, '2025-03-27 17:47:29'),
	(283, 11, '4028be1d-4312-4912-99c7-fef783b65945', 'SNOW_BALL$null', 2, '2025-03-27 17:47:30'),
	(284, 11, '4028be1d-4312-4912-99c7-fef783b65945', 'SNOW_BALL$null', 2, '2025-03-27 17:47:30'),
	(285, 11, '4028be1d-4312-4912-99c7-fef783b65945', 'SNOW_BALL$null', 2, '2025-03-27 17:47:30'),
	(286, 11, '4028be1d-4312-4912-99c7-fef783b65945', 'SNOW_BALL$null', 2, '2025-03-27 17:47:31'),
	(287, 11, '4028be1d-4312-4912-99c7-fef783b65945', 'SNOW_BALL$null', 2, '2025-03-27 17:47:31'),
	(288, 11, '4028be1d-4312-4912-99c7-fef783b65945', 'SNOW_BALL$null', 2, '2025-03-27 17:47:31'),
	(289, 11, '4028be1d-4312-4912-99c7-fef783b65945', 'SNOW_BALL$null', 2, '2025-03-27 17:47:31'),
	(290, 11, '4028be1d-4312-4912-99c7-fef783b65945', 'SNOW_BALL$null', 2, '2025-03-27 17:47:31'),
	(291, 11, '4028be1d-4312-4912-99c7-fef783b65945', 'SNOW_BALL$null', 2, '2025-03-27 17:47:31'),
	(292, 11, '4028be1d-4312-4912-99c7-fef783b65945', 'SNOW_BALL$null', 2, '2025-03-27 17:47:31'),
	(293, 11, '4028be1d-4312-4912-99c7-fef783b65945', 'SNOW_BALL$null', 2, '2025-03-27 17:47:31'),
	(294, 11, '4028be1d-4312-4912-99c7-fef783b65945', 'SNOW_BALL$null', 2, '2025-03-27 17:47:31'),
	(295, 11, '4028be1d-4312-4912-99c7-fef783b65945', 'SNOW_BALL$null', 2, '2025-03-27 17:47:31'),
	(296, 11, '4028be1d-4312-4912-99c7-fef783b65945', 'SNOW_BALL$null', 2, '2025-03-27 17:47:32'),
	(297, 11, '4028be1d-4312-4912-99c7-fef783b65945', 'SNOW_BALL$null', 2, '2025-03-27 17:47:32'),
	(298, 11, '4028be1d-4312-4912-99c7-fef783b65945', 'SNOW_BALL$null', 2, '2025-03-27 17:47:32'),
	(299, 11, '4028be1d-4312-4912-99c7-fef783b65945', 'SNOW_BALL$null', 2, '2025-03-27 17:47:32'),
	(300, 11, '4028be1d-4312-4912-99c7-fef783b65945', 'SNOW_BALL$null', 2, '2025-03-27 17:47:32'),
	(301, 11, '4028be1d-4312-4912-99c7-fef783b65945', 'SNOW_BALL$null', 2, '2025-03-27 17:47:32'),
	(302, 11, '4028be1d-4312-4912-99c7-fef783b65945', 'SNOW_BALL$null', 2, '2025-03-27 17:47:32'),
	(303, 11, '4028be1d-4312-4912-99c7-fef783b65945', 'SNOW_BALL$null', 2, '2025-03-27 17:47:32'),
	(304, 11, '4028be1d-4312-4912-99c7-fef783b65945', 'SNOW_BALL$null', 2, '2025-03-27 17:47:32'),
	(305, 11, '4028be1d-4312-4912-99c7-fef783b65945', 'SNOW_BALL$null', 2, '2025-03-27 17:47:32'),
	(306, 11, '4028be1d-4312-4912-99c7-fef783b65945', 'SNOW_BALL$null', 2, '2025-03-27 17:47:33'),
	(307, 11, '4028be1d-4312-4912-99c7-fef783b65945', 'SNOW_BALL$null', 2, '2025-03-27 17:47:33'),
	(308, 11, '4028be1d-4312-4912-99c7-fef783b65945', 'SNOW_BALL$null', 2, '2025-03-27 17:47:33'),
	(309, 11, '4028be1d-4312-4912-99c7-fef783b65945', 'SNOW_BALL$null', 2, '2025-03-27 17:47:33'),
	(310, 11, '4028be1d-4312-4912-99c7-fef783b65945', 'SNOW_BALL$null', 2, '2025-03-27 17:47:33'),
	(311, 11, '4028be1d-4312-4912-99c7-fef783b65945', 'SNOW_BALL$null', 2, '2025-03-27 17:47:33'),
	(312, 11, '4028be1d-4312-4912-99c7-fef783b65945', 'SNOW_BALL$null', 2, '2025-03-27 17:47:33'),
	(313, 11, '4028be1d-4312-4912-99c7-fef783b65945', 'SNOW_BALL$null', 2, '2025-03-27 17:47:33'),
	(314, 11, '4028be1d-4312-4912-99c7-fef783b65945', 'SNOW_BALL$null', 2, '2025-03-27 17:47:34'),
	(315, 11, '4028be1d-4312-4912-99c7-fef783b65945', 'SNOW_BALL$null', 2, '2025-03-27 17:47:34'),
	(316, 11, '4028be1d-4312-4912-99c7-fef783b65945', 'SNOW_BALL$null', 2, '2025-03-27 17:47:34'),
	(317, 11, '4028be1d-4312-4912-99c7-fef783b65945', 'SNOW_BALL$null', 2, '2025-03-27 17:47:34'),
	(318, 11, '4028be1d-4312-4912-99c7-fef783b65945', 'SNOW_BALL$null', 2, '2025-03-27 17:47:34'),
	(319, 11, '4028be1d-4312-4912-99c7-fef783b65945', 'SNOW_BALL$null', 2, '2025-03-27 17:47:34'),
	(320, 11, '4028be1d-4312-4912-99c7-fef783b65945', 'SNOW_BALL$null', 2, '2025-03-27 17:47:34'),
	(321, 11, '4028be1d-4312-4912-99c7-fef783b65945', 'SNOW_BALL$null', 2, '2025-03-27 17:47:34'),
	(322, 11, '4028be1d-4312-4912-99c7-fef783b65945', 'SNOW_BALL$null', 2, '2025-03-27 17:47:34'),
	(323, 11, '4028be1d-4312-4912-99c7-fef783b65945', 'SNOW_BALL$null', 2, '2025-03-27 17:47:34'),
	(324, 11, '4028be1d-4312-4912-99c7-fef783b65945', 'SNOW_BALL$null', 2, '2025-03-27 17:47:34'),
	(325, 11, '4028be1d-4312-4912-99c7-fef783b65945', 'SNOW_BALL$null', 2, '2025-03-27 17:47:35'),
	(326, 11, '4028be1d-4312-4912-99c7-fef783b65945', 'SNOW_BALL$null', 2, '2025-03-27 17:47:35'),
	(327, 11, '4028be1d-4312-4912-99c7-fef783b65945', 'SNOW_BALL$null', 2, '2025-03-27 17:47:35'),
	(328, 11, '4028be1d-4312-4912-99c7-fef783b65945', 'SNOW_BALL$null', 2, '2025-03-27 17:47:36'),
	(329, 11, '4028be1d-4312-4912-99c7-fef783b65945', 'SNOW_BALL$null', 2, '2025-03-27 17:47:36'),
	(330, 11, '4028be1d-4312-4912-99c7-fef783b65945', 'SNOW_BALL$null', 2, '2025-03-27 17:47:36'),
	(331, 11, '4028be1d-4312-4912-99c7-fef783b65945', 'SNOW_BALL$null', 2, '2025-03-27 17:47:36'),
	(332, 11, '4028be1d-4312-4912-99c7-fef783b65945', 'SNOW_BALL$null', 2, '2025-03-27 17:47:36'),
	(333, 11, '4028be1d-4312-4912-99c7-fef783b65945', 'SNOW_BALL$null', 2, '2025-03-27 17:47:36'),
	(334, 11, '4028be1d-4312-4912-99c7-fef783b65945', 'WOOD_SWORD$null', 200, '2025-03-27 17:47:45'),
	(335, 11, '9c124c4f-9ab1-31ea-85cd-983fda58c14d', 'WOOD_SWORD$null', 200, '2025-03-27 17:47:46'),
	(336, 11, '9bd322dc-0038-4af2-a1dc-9b393e6600e6', 'SNOW_BALL$null', 2, '2025-03-27 17:48:00'),
	(337, 11, '9bd322dc-0038-4af2-a1dc-9b393e6600e6', 'SNOW_BALL$null', 2, '2025-03-27 17:48:00'),
	(338, 11, '9bd322dc-0038-4af2-a1dc-9b393e6600e6', 'SNOW_BALL$null', 2, '2025-03-27 17:48:00'),
	(339, 11, '9bd322dc-0038-4af2-a1dc-9b393e6600e6', 'SNOW_BALL$null', 2, '2025-03-27 17:48:00'),
	(340, 11, '9bd322dc-0038-4af2-a1dc-9b393e6600e6', 'SNOW_BALL$null', 2, '2025-03-27 17:48:00'),
	(341, 11, '9bd322dc-0038-4af2-a1dc-9b393e6600e6', 'SNOW_BALL$null', 2, '2025-03-27 17:48:01'),
	(342, 11, '9bd322dc-0038-4af2-a1dc-9b393e6600e6', 'SNOW_BALL$null', 2, '2025-03-27 17:48:01'),
	(343, 11, '9bd322dc-0038-4af2-a1dc-9b393e6600e6', 'SNOW_BALL$null', 2, '2025-03-27 17:48:01'),
	(344, 11, '9bd322dc-0038-4af2-a1dc-9b393e6600e6', 'SNOW_BALL$null', 2, '2025-03-27 17:48:01'),
	(345, 11, '9bd322dc-0038-4af2-a1dc-9b393e6600e6', 'SNOW_BALL$null', 2, '2025-03-27 17:48:01'),
	(346, 11, '9bd322dc-0038-4af2-a1dc-9b393e6600e6', 'SNOW_BALL$null', 2, '2025-03-27 17:48:02'),
	(347, 11, '9bd322dc-0038-4af2-a1dc-9b393e6600e6', 'SNOW_BALL$null', 2, '2025-03-27 17:48:02'),
	(348, 11, '9bd322dc-0038-4af2-a1dc-9b393e6600e6', 'SNOW_BALL$null', 2, '2025-03-27 17:48:02'),
	(349, 11, '9bd322dc-0038-4af2-a1dc-9b393e6600e6', 'SNOW_BALL$null', 2, '2025-03-27 17:48:02'),
	(350, 11, '9bd322dc-0038-4af2-a1dc-9b393e6600e6', 'SNOW_BALL$null', 2, '2025-03-27 17:48:02'),
	(351, 11, '9bd322dc-0038-4af2-a1dc-9b393e6600e6', 'SNOW_BALL$null', 2, '2025-03-27 17:48:03'),
	(352, 11, '9bd322dc-0038-4af2-a1dc-9b393e6600e6', 'SNOW_BALL$null', 2, '2025-03-27 17:48:03'),
	(353, 11, '4028be1d-4312-4912-99c7-fef783b65945', 'IRON_SWORD$null', 900, '2025-03-27 17:48:03'),
	(354, 11, '9bd322dc-0038-4af2-a1dc-9b393e6600e6', 'SNOW_BALL$null', 2, '2025-03-27 17:48:03'),
	(355, 11, '9bd322dc-0038-4af2-a1dc-9b393e6600e6', 'SNOW_BALL$null', 2, '2025-03-27 17:48:03'),
	(356, 11, '9bd322dc-0038-4af2-a1dc-9b393e6600e6', 'SNOW_BALL$null', 2, '2025-03-27 17:48:03'),
	(357, 11, '9bd322dc-0038-4af2-a1dc-9b393e6600e6', 'SNOW_BALL$null', 2, '2025-03-27 17:48:03'),
	(358, 11, '9bd322dc-0038-4af2-a1dc-9b393e6600e6', 'SNOW_BALL$null', 2, '2025-03-27 17:48:03'),
	(359, 11, '9bd322dc-0038-4af2-a1dc-9b393e6600e6', 'SNOW_BALL$null', 2, '2025-03-27 17:48:03'),
	(360, 11, '9bd322dc-0038-4af2-a1dc-9b393e6600e6', 'SNOW_BALL$null', 2, '2025-03-27 17:48:03'),
	(361, 11, '9bd322dc-0038-4af2-a1dc-9b393e6600e6', 'SNOW_BALL$null', 2, '2025-03-27 17:48:03'),
	(362, 11, '9bd322dc-0038-4af2-a1dc-9b393e6600e6', 'SNOW_BALL$null', 2, '2025-03-27 17:48:03'),
	(363, 11, '9bd322dc-0038-4af2-a1dc-9b393e6600e6', 'SNOW_BALL$null', 2, '2025-03-27 17:48:03'),
	(364, 11, '9bd322dc-0038-4af2-a1dc-9b393e6600e6', 'SNOW_BALL$null', 2, '2025-03-27 17:48:03'),
	(365, 11, '9bd322dc-0038-4af2-a1dc-9b393e6600e6', 'SNOW_BALL$null', 2, '2025-03-27 17:48:04'),
	(366, 11, '9bd322dc-0038-4af2-a1dc-9b393e6600e6', 'SNOW_BALL$null', 2, '2025-03-27 17:48:04'),
	(367, 11, '9bd322dc-0038-4af2-a1dc-9b393e6600e6', 'SNOW_BALL$null', 2, '2025-03-27 17:48:04'),
	(368, 11, '9bd322dc-0038-4af2-a1dc-9b393e6600e6', 'SNOW_BALL$null', 2, '2025-03-27 17:48:04'),
	(369, 11, '9bd322dc-0038-4af2-a1dc-9b393e6600e6', 'SNOW_BALL$null', 2, '2025-03-27 17:48:04'),
	(370, 11, '9bd322dc-0038-4af2-a1dc-9b393e6600e6', 'SNOW_BALL$null', 2, '2025-03-27 17:48:04'),
	(371, 11, '9bd322dc-0038-4af2-a1dc-9b393e6600e6', 'SNOW_BALL$null', 2, '2025-03-27 17:48:04'),
	(372, 11, '9bd322dc-0038-4af2-a1dc-9b393e6600e6', 'SNOW_BALL$null', 2, '2025-03-27 17:48:04'),
	(373, 11, '9bd322dc-0038-4af2-a1dc-9b393e6600e6', 'SNOW_BALL$null', 2, '2025-03-27 17:48:04'),
	(374, 11, '9bd322dc-0038-4af2-a1dc-9b393e6600e6', 'SNOW_BALL$null', 2, '2025-03-27 17:48:04'),
	(375, 11, '9bd322dc-0038-4af2-a1dc-9b393e6600e6', 'SNOW_BALL$null', 2, '2025-03-27 17:48:05'),
	(376, 11, '9bd322dc-0038-4af2-a1dc-9b393e6600e6', 'SNOW_BALL$null', 2, '2025-03-27 17:48:05'),
	(377, 11, '9bd322dc-0038-4af2-a1dc-9b393e6600e6', 'SNOW_BALL$null', 2, '2025-03-27 17:48:05'),
	(378, 11, '9bd322dc-0038-4af2-a1dc-9b393e6600e6', 'SNOW_BALL$null', 2, '2025-03-27 17:48:05'),
	(379, 11, '9bd322dc-0038-4af2-a1dc-9b393e6600e6', 'SNOW_BALL$null', 2, '2025-03-27 17:48:05'),
	(380, 11, '9bd322dc-0038-4af2-a1dc-9b393e6600e6', 'SNOW_BALL$null', 2, '2025-03-27 17:48:05'),
	(381, 11, '9c124c4f-9ab1-31ea-85cd-983fda58c14d', 'WOOD_SWORD$null', 200, '2025-03-27 17:48:06'),
	(382, 11, '9bd322dc-0038-4af2-a1dc-9b393e6600e6', 'SNOW_BALL$null', 2, '2025-03-27 17:48:07'),
	(383, 11, '9bd322dc-0038-4af2-a1dc-9b393e6600e6', 'SNOW_BALL$null', 2, '2025-03-27 17:48:07'),
	(384, 11, '9bd322dc-0038-4af2-a1dc-9b393e6600e6', 'SNOW_BALL$null', 2, '2025-03-27 17:48:07'),
	(385, 11, '9bd322dc-0038-4af2-a1dc-9b393e6600e6', 'SNOW_BALL$null', 2, '2025-03-27 17:48:07'),
	(386, 11, '9bd322dc-0038-4af2-a1dc-9b393e6600e6', 'SNOW_BALL$null', 2, '2025-03-27 17:48:07'),
	(387, 11, '9bd322dc-0038-4af2-a1dc-9b393e6600e6', 'SNOW_BALL$null', 2, '2025-03-27 17:48:07'),
	(388, 11, '4028be1d-4312-4912-99c7-fef783b65945', 'ENCHANTED_BOOK$§bFire Aspect', 1000, '2025-03-27 17:48:09'),
	(389, 11, '9bd322dc-0038-4af2-a1dc-9b393e6600e6', 'SNOW_BALL$null', 2, '2025-03-27 17:48:17'),
	(390, 11, '9bd322dc-0038-4af2-a1dc-9b393e6600e6', 'SNOW_BALL$null', 2, '2025-03-27 17:48:18'),
	(391, 11, '9bd322dc-0038-4af2-a1dc-9b393e6600e6', 'SNOW_BALL$null', 2, '2025-03-27 17:48:18'),
	(392, 11, '9bd322dc-0038-4af2-a1dc-9b393e6600e6', 'SNOW_BALL$null', 2, '2025-03-27 17:48:18'),
	(393, 11, '9bd322dc-0038-4af2-a1dc-9b393e6600e6', 'SNOW_BALL$null', 2, '2025-03-27 17:48:18'),
	(394, 11, '9bd322dc-0038-4af2-a1dc-9b393e6600e6', 'SNOW_BALL$null', 2, '2025-03-27 17:48:18'),
	(395, 11, '9bd322dc-0038-4af2-a1dc-9b393e6600e6', 'SNOW_BALL$null', 2, '2025-03-27 17:48:18'),
	(396, 11, '9bd322dc-0038-4af2-a1dc-9b393e6600e6', 'SNOW_BALL$null', 2, '2025-03-27 17:48:18'),
	(397, 11, '9bd322dc-0038-4af2-a1dc-9b393e6600e6', 'SNOW_BALL$null', 2, '2025-03-27 17:48:19'),
	(398, 11, '9bd322dc-0038-4af2-a1dc-9b393e6600e6', 'SNOW_BALL$null', 2, '2025-03-27 17:48:19'),
	(399, 11, 'dfc2bfed-46f3-4d71-ad71-8025e42a778a', 'IRON_CHESTPLATE$null', 800, '2025-03-27 17:48:19'),
	(400, 11, '9bd322dc-0038-4af2-a1dc-9b393e6600e6', 'SNOW_BALL$null', 2, '2025-03-27 17:48:19'),
	(401, 11, '9bd322dc-0038-4af2-a1dc-9b393e6600e6', 'SNOW_BALL$null', 2, '2025-03-27 17:48:19'),
	(402, 11, '9bd322dc-0038-4af2-a1dc-9b393e6600e6', 'SNOW_BALL$null', 2, '2025-03-27 17:48:19'),
	(403, 11, '9bd322dc-0038-4af2-a1dc-9b393e6600e6', 'SNOW_BALL$null', 2, '2025-03-27 17:48:19'),
	(404, 11, '9bd322dc-0038-4af2-a1dc-9b393e6600e6', 'SNOW_BALL$null', 2, '2025-03-27 17:48:19'),
	(405, 11, '9bd322dc-0038-4af2-a1dc-9b393e6600e6', 'SNOW_BALL$null', 2, '2025-03-27 17:48:19'),
	(406, 11, '9bd322dc-0038-4af2-a1dc-9b393e6600e6', 'SNOW_BALL$null', 2, '2025-03-27 17:48:19'),
	(407, 11, '9bd322dc-0038-4af2-a1dc-9b393e6600e6', 'SNOW_BALL$null', 2, '2025-03-27 17:48:19'),
	(408, 11, '9bd322dc-0038-4af2-a1dc-9b393e6600e6', 'SNOW_BALL$null', 2, '2025-03-27 17:48:20'),
	(409, 11, '9bd322dc-0038-4af2-a1dc-9b393e6600e6', 'SNOW_BALL$null', 2, '2025-03-27 17:48:20'),
	(410, 11, '9bd322dc-0038-4af2-a1dc-9b393e6600e6', 'SNOW_BALL$null', 2, '2025-03-27 17:48:20'),
	(411, 11, 'dfc2bfed-46f3-4d71-ad71-8025e42a778a', 'IRON_LEGGINGS$null', 600, '2025-03-27 17:48:20'),
	(412, 11, '9bd322dc-0038-4af2-a1dc-9b393e6600e6', 'SNOW_BALL$null', 2, '2025-03-27 17:48:20'),
	(413, 11, '9bd322dc-0038-4af2-a1dc-9b393e6600e6', 'SNOW_BALL$null', 2, '2025-03-27 17:48:20'),
	(414, 11, '9bd322dc-0038-4af2-a1dc-9b393e6600e6', 'SNOW_BALL$null', 2, '2025-03-27 17:48:21'),
	(415, 11, '9bd322dc-0038-4af2-a1dc-9b393e6600e6', 'SNOW_BALL$null', 2, '2025-03-27 17:48:21'),
	(416, 11, '9bd322dc-0038-4af2-a1dc-9b393e6600e6', 'SNOW_BALL$null', 2, '2025-03-27 17:48:21'),
	(417, 11, '9bd322dc-0038-4af2-a1dc-9b393e6600e6', 'SNOW_BALL$null', 2, '2025-03-27 17:48:21'),
	(418, 11, '9bd322dc-0038-4af2-a1dc-9b393e6600e6', 'SNOW_BALL$null', 2, '2025-03-27 17:48:21'),
	(419, 11, '9bd322dc-0038-4af2-a1dc-9b393e6600e6', 'SNOW_BALL$null', 2, '2025-03-27 17:48:21'),
	(420, 11, '9bd322dc-0038-4af2-a1dc-9b393e6600e6', 'SNOW_BALL$null', 2, '2025-03-27 17:48:21'),
	(421, 11, '9bd322dc-0038-4af2-a1dc-9b393e6600e6', 'SNOW_BALL$null', 2, '2025-03-27 17:48:21'),
	(422, 11, '9bd322dc-0038-4af2-a1dc-9b393e6600e6', 'SNOW_BALL$null', 2, '2025-03-27 17:48:22'),
	(423, 11, '9bd322dc-0038-4af2-a1dc-9b393e6600e6', 'SNOW_BALL$null', 2, '2025-03-27 17:48:22'),
	(424, 11, '9bd322dc-0038-4af2-a1dc-9b393e6600e6', 'SNOW_BALL$null', 2, '2025-03-27 17:48:22'),
	(425, 11, 'dfc2bfed-46f3-4d71-ad71-8025e42a778a', 'IRON_SWORD$null', 900, '2025-03-27 17:48:23'),
	(426, 11, 'dfc2bfed-46f3-4d71-ad71-8025e42a778a', 'ENCHANTED_BOOK$§bKnockback', 400, '2025-03-27 17:48:27'),
	(427, 11, '9c124c4f-9ab1-31ea-85cd-983fda58c14d', 'WOOD_SWORD$null', 200, '2025-03-27 17:48:28'),
	(428, 11, '9c124c4f-9ab1-31ea-85cd-983fda58c14d', 'WOOD_SWORD$null', 200, '2025-03-27 17:48:39'),
	(429, 11, '4028be1d-4312-4912-99c7-fef783b65945', 'SNOW_BALL$null', 2, '2025-03-27 17:48:40'),
	(430, 11, '4028be1d-4312-4912-99c7-fef783b65945', 'SNOW_BALL$null', 2, '2025-03-27 17:48:40'),
	(431, 11, '4028be1d-4312-4912-99c7-fef783b65945', 'SNOW_BALL$null', 2, '2025-03-27 17:48:40'),
	(432, 11, '4028be1d-4312-4912-99c7-fef783b65945', 'SNOW_BALL$null', 2, '2025-03-27 17:48:41'),
	(433, 11, '4028be1d-4312-4912-99c7-fef783b65945', 'SNOW_BALL$null', 2, '2025-03-27 17:48:41'),
	(434, 11, '4028be1d-4312-4912-99c7-fef783b65945', 'SNOW_BALL$null', 2, '2025-03-27 17:48:41'),
	(435, 11, '4028be1d-4312-4912-99c7-fef783b65945', 'SNOW_BALL$null', 2, '2025-03-27 17:48:41'),
	(436, 11, '4028be1d-4312-4912-99c7-fef783b65945', 'SNOW_BALL$null', 2, '2025-03-27 17:48:41'),
	(437, 11, '4028be1d-4312-4912-99c7-fef783b65945', 'SNOW_BALL$null', 2, '2025-03-27 17:48:41'),
	(438, 11, '4028be1d-4312-4912-99c7-fef783b65945', 'SNOW_BALL$null', 2, '2025-03-27 17:48:41'),
	(439, 11, '4028be1d-4312-4912-99c7-fef783b65945', 'SNOW_BALL$null', 2, '2025-03-27 17:48:41'),
	(440, 11, '4028be1d-4312-4912-99c7-fef783b65945', 'SNOW_BALL$null', 2, '2025-03-27 17:48:41'),
	(441, 11, '4028be1d-4312-4912-99c7-fef783b65945', 'SNOW_BALL$null', 2, '2025-03-27 17:48:41'),
	(442, 11, '4028be1d-4312-4912-99c7-fef783b65945', 'SNOW_BALL$null', 2, '2025-03-27 17:48:42'),
	(443, 11, '4028be1d-4312-4912-99c7-fef783b65945', 'SNOW_BALL$null', 2, '2025-03-27 17:48:42'),
	(444, 11, '4028be1d-4312-4912-99c7-fef783b65945', 'SNOW_BALL$null', 2, '2025-03-27 17:48:42'),
	(445, 11, '4028be1d-4312-4912-99c7-fef783b65945', 'SNOW_BALL$null', 2, '2025-03-27 17:48:42'),
	(446, 11, '4028be1d-4312-4912-99c7-fef783b65945', 'SNOW_BALL$null', 2, '2025-03-27 17:48:42'),
	(447, 11, '4028be1d-4312-4912-99c7-fef783b65945', 'SNOW_BALL$null', 2, '2025-03-27 17:48:42'),
	(448, 11, '4028be1d-4312-4912-99c7-fef783b65945', 'SNOW_BALL$null', 2, '2025-03-27 17:48:43'),
	(449, 11, '4028be1d-4312-4912-99c7-fef783b65945', 'SNOW_BALL$null', 2, '2025-03-27 17:48:43'),
	(450, 11, '4028be1d-4312-4912-99c7-fef783b65945', 'SNOW_BALL$null', 2, '2025-03-27 17:48:43'),
	(451, 11, '4028be1d-4312-4912-99c7-fef783b65945', 'SNOW_BALL$null', 2, '2025-03-27 17:48:43'),
	(452, 11, '4028be1d-4312-4912-99c7-fef783b65945', 'SNOW_BALL$null', 2, '2025-03-27 17:48:43'),
	(453, 11, '4028be1d-4312-4912-99c7-fef783b65945', 'SNOW_BALL$null', 2, '2025-03-27 17:48:43'),
	(454, 11, '4028be1d-4312-4912-99c7-fef783b65945', 'SNOW_BALL$null', 2, '2025-03-27 17:48:43'),
	(455, 11, '4028be1d-4312-4912-99c7-fef783b65945', 'SNOW_BALL$null', 2, '2025-03-27 17:48:43'),
	(456, 11, '4028be1d-4312-4912-99c7-fef783b65945', 'SNOW_BALL$null', 2, '2025-03-27 17:48:44'),
	(457, 11, '4028be1d-4312-4912-99c7-fef783b65945', 'SNOW_BALL$null', 2, '2025-03-27 17:48:44'),
	(458, 11, '4028be1d-4312-4912-99c7-fef783b65945', 'SNOW_BALL$null', 2, '2025-03-27 17:48:44'),
	(459, 11, '4028be1d-4312-4912-99c7-fef783b65945', 'SNOW_BALL$null', 2, '2025-03-27 17:48:44'),
	(460, 11, '4028be1d-4312-4912-99c7-fef783b65945', 'SNOW_BALL$null', 2, '2025-03-27 17:48:44'),
	(461, 11, '4028be1d-4312-4912-99c7-fef783b65945', 'SNOW_BALL$null', 2, '2025-03-27 17:48:45'),
	(462, 11, '4028be1d-4312-4912-99c7-fef783b65945', 'SNOW_BALL$null', 2, '2025-03-27 17:48:45'),
	(463, 11, '4028be1d-4312-4912-99c7-fef783b65945', 'SNOW_BALL$null', 2, '2025-03-27 17:48:45'),
	(464, 11, '4028be1d-4312-4912-99c7-fef783b65945', 'SNOW_BALL$null', 2, '2025-03-27 17:48:45'),
	(465, 11, '4028be1d-4312-4912-99c7-fef783b65945', 'SNOW_BALL$null', 2, '2025-03-27 17:48:45'),
	(466, 11, '4028be1d-4312-4912-99c7-fef783b65945', 'SNOW_BALL$null', 2, '2025-03-27 17:48:45'),
	(467, 11, '4028be1d-4312-4912-99c7-fef783b65945', 'SNOW_BALL$null', 2, '2025-03-27 17:48:46'),
	(468, 11, '4028be1d-4312-4912-99c7-fef783b65945', 'SNOW_BALL$null', 2, '2025-03-27 17:48:46'),
	(469, 11, '4028be1d-4312-4912-99c7-fef783b65945', 'SNOW_BALL$null', 2, '2025-03-27 17:48:46'),
	(470, 11, '4028be1d-4312-4912-99c7-fef783b65945', 'SNOW_BALL$null', 2, '2025-03-27 17:48:46'),
	(471, 11, '4028be1d-4312-4912-99c7-fef783b65945', 'SNOW_BALL$null', 2, '2025-03-27 17:48:46'),
	(472, 11, '4028be1d-4312-4912-99c7-fef783b65945', 'SNOW_BALL$null', 2, '2025-03-27 17:48:46'),
	(473, 11, '4028be1d-4312-4912-99c7-fef783b65945', 'IRON_SWORD$null', 900, '2025-03-27 17:48:52'),
	(474, 11, '9c124c4f-9ab1-31ea-85cd-983fda58c14d', 'ARROW$null', 50, '2025-03-27 17:48:56'),
	(475, 11, '4028be1d-4312-4912-99c7-fef783b65945', 'ENCHANTED_BOOK$§bKnockback', 400, '2025-03-27 17:48:56'),
	(476, 11, '4028be1d-4312-4912-99c7-fef783b65945', 'ENCHANTED_BOOK$§bKnockback', 400, '2025-03-27 17:48:56'),
	(477, 11, '4028be1d-4312-4912-99c7-fef783b65945', 'ENCHANTED_BOOK$§bFire Aspect', 1000, '2025-03-27 17:48:57'),
	(478, 11, '9c124c4f-9ab1-31ea-85cd-983fda58c14d', 'ARROW$null', 50, '2025-03-27 17:48:57'),
	(479, 11, '9c124c4f-9ab1-31ea-85cd-983fda58c14d', 'BOW$null', 1000, '2025-03-27 17:48:57'),
	(480, 11, '9c124c4f-9ab1-31ea-85cd-983fda58c14d', 'ARROW$null', 50, '2025-03-27 17:48:57'),
	(481, 11, '9c124c4f-9ab1-31ea-85cd-983fda58c14d', 'ARROW$null', 50, '2025-03-27 17:48:57'),
	(482, 11, '9c124c4f-9ab1-31ea-85cd-983fda58c14d', 'ARROW$null', 50, '2025-03-27 17:48:58'),
	(483, 11, '9c124c4f-9ab1-31ea-85cd-983fda58c14d', 'ARROW$null', 50, '2025-03-27 17:48:58'),
	(484, 11, '9c124c4f-9ab1-31ea-85cd-983fda58c14d', 'IRON_HELMET$null', 400, '2025-03-27 17:48:59'),
	(485, 11, '9c124c4f-9ab1-31ea-85cd-983fda58c14d', 'IRON_BOOTS$null', 400, '2025-03-27 17:49:00'),
	(486, 11, '9c124c4f-9ab1-31ea-85cd-983fda58c14d', 'IRON_CHESTPLATE$null', 800, '2025-03-27 17:49:00'),
	(487, 11, '9c124c4f-9ab1-31ea-85cd-983fda58c14d', 'IRON_LEGGINGS$null', 600, '2025-03-27 17:49:01'),
	(488, 11, '4028be1d-4312-4912-99c7-fef783b65945', 'LEATHER_CHESTPLATE$null', 200, '2025-03-27 17:49:04'),
	(489, 11, '4028be1d-4312-4912-99c7-fef783b65945', 'LEATHER_LEGGINGS$null', 150, '2025-03-27 17:49:04'),
	(490, 11, '4028be1d-4312-4912-99c7-fef783b65945', 'SNOW_BALL$null', 2, '2025-03-27 17:49:26'),
	(491, 11, '4028be1d-4312-4912-99c7-fef783b65945', 'SNOW_BALL$null', 2, '2025-03-27 17:49:27'),
	(492, 11, '9c124c4f-9ab1-31ea-85cd-983fda58c14d', 'IRON_SWORD$null', 900, '2025-03-27 17:49:28'),
	(493, 11, '4028be1d-4312-4912-99c7-fef783b65945', 'SNOW_BALL$null', 2, '2025-03-27 17:49:28'),
	(494, 11, '4028be1d-4312-4912-99c7-fef783b65945', 'SNOW_BALL$null', 2, '2025-03-27 17:49:29'),
	(495, 11, '4028be1d-4312-4912-99c7-fef783b65945', 'SNOW_BALL$null', 2, '2025-03-27 17:49:29'),
	(496, 11, '4028be1d-4312-4912-99c7-fef783b65945', 'SNOW_BALL$null', 2, '2025-03-27 17:49:29'),
	(497, 11, '4028be1d-4312-4912-99c7-fef783b65945', 'SNOW_BALL$null', 2, '2025-03-27 17:49:29'),
	(498, 11, '4028be1d-4312-4912-99c7-fef783b65945', 'SNOW_BALL$null', 2, '2025-03-27 17:49:29'),
	(499, 11, '4028be1d-4312-4912-99c7-fef783b65945', 'SNOW_BALL$null', 2, '2025-03-27 17:49:29'),
	(500, 11, '4028be1d-4312-4912-99c7-fef783b65945', 'SNOW_BALL$null', 2, '2025-03-27 17:49:29'),
	(501, 11, '4028be1d-4312-4912-99c7-fef783b65945', 'SNOW_BALL$null', 2, '2025-03-27 17:49:30'),
	(502, 11, '4028be1d-4312-4912-99c7-fef783b65945', 'SNOW_BALL$null', 2, '2025-03-27 17:49:30'),
	(503, 11, '4028be1d-4312-4912-99c7-fef783b65945', 'SNOW_BALL$null', 2, '2025-03-27 17:49:30'),
	(504, 11, '4028be1d-4312-4912-99c7-fef783b65945', 'SNOW_BALL$null', 2, '2025-03-27 17:49:30'),
	(505, 11, '4028be1d-4312-4912-99c7-fef783b65945', 'SNOW_BALL$null', 2, '2025-03-27 17:49:30'),
	(506, 11, '9bd322dc-0038-4af2-a1dc-9b393e6600e6', 'IRON_SWORD$null', 900, '2025-03-27 17:49:30'),
	(507, 11, '4028be1d-4312-4912-99c7-fef783b65945', 'SNOW_BALL$null', 2, '2025-03-27 17:49:30'),
	(508, 11, '4028be1d-4312-4912-99c7-fef783b65945', 'SNOW_BALL$null', 2, '2025-03-27 17:49:30'),
	(509, 11, '4028be1d-4312-4912-99c7-fef783b65945', 'SNOW_BALL$null', 2, '2025-03-27 17:49:31'),
	(510, 11, '4028be1d-4312-4912-99c7-fef783b65945', 'SNOW_BALL$null', 2, '2025-03-27 17:49:31'),
	(511, 11, '4028be1d-4312-4912-99c7-fef783b65945', 'SNOW_BALL$null', 2, '2025-03-27 17:49:32'),
	(512, 11, '4028be1d-4312-4912-99c7-fef783b65945', 'SNOW_BALL$null', 2, '2025-03-27 17:49:36'),
	(513, 11, '4028be1d-4312-4912-99c7-fef783b65945', 'SNOW_BALL$null', 2, '2025-03-27 17:49:40'),
	(514, 11, '9bd322dc-0038-4af2-a1dc-9b393e6600e6', 'SNOW_BALL$null', 2, '2025-03-27 17:49:42'),
	(515, 11, '9bd322dc-0038-4af2-a1dc-9b393e6600e6', 'SNOW_BALL$null', 2, '2025-03-27 17:49:42'),
	(516, 11, '9bd322dc-0038-4af2-a1dc-9b393e6600e6', 'SNOW_BALL$null', 2, '2025-03-27 17:49:42'),
	(517, 11, '9bd322dc-0038-4af2-a1dc-9b393e6600e6', 'SNOW_BALL$null', 2, '2025-03-27 17:49:43'),
	(518, 11, '9bd322dc-0038-4af2-a1dc-9b393e6600e6', 'SNOW_BALL$null', 2, '2025-03-27 17:49:43'),
	(519, 11, '9bd322dc-0038-4af2-a1dc-9b393e6600e6', 'SNOW_BALL$null', 2, '2025-03-27 17:49:43'),
	(520, 11, '4028be1d-4312-4912-99c7-fef783b65945', 'LEATHER_BOOTS$null', 100, '2025-03-27 17:49:44'),
	(521, 11, '9bd322dc-0038-4af2-a1dc-9b393e6600e6', 'SNOW_BALL$null', 2, '2025-03-27 17:49:44'),
	(522, 11, '9bd322dc-0038-4af2-a1dc-9b393e6600e6', 'SNOW_BALL$null', 2, '2025-03-27 17:49:44'),
	(523, 11, '9bd322dc-0038-4af2-a1dc-9b393e6600e6', 'SNOW_BALL$null', 2, '2025-03-27 17:49:45'),
	(524, 11, '4028be1d-4312-4912-99c7-fef783b65945', 'LEATHER_HELMET$null', 100, '2025-03-27 17:49:50'),
	(525, 11, '9bd322dc-0038-4af2-a1dc-9b393e6600e6', 'SNOW_BALL$null', 2, '2025-03-27 17:49:50'),
	(526, 11, '9bd322dc-0038-4af2-a1dc-9b393e6600e6', 'SNOW_BALL$null', 2, '2025-03-27 17:49:51'),
	(527, 11, '4028be1d-4312-4912-99c7-fef783b65945', 'LEATHER_CHESTPLATE$null', 200, '2025-03-27 17:49:51'),
	(528, 11, '4028be1d-4312-4912-99c7-fef783b65945', 'LEATHER_LEGGINGS$null', 150, '2025-03-27 17:49:52'),
	(529, 11, '9bd322dc-0038-4af2-a1dc-9b393e6600e6', 'SNOW_BALL$null', 2, '2025-03-27 17:49:59'),
	(530, 11, '9bd322dc-0038-4af2-a1dc-9b393e6600e6', 'IRON_SWORD$null', 900, '2025-03-27 17:50:12'),
	(531, 11, '9bd322dc-0038-4af2-a1dc-9b393e6600e6', 'LEATHER_HELMET$null', 100, '2025-03-27 17:50:16'),
	(532, 11, '9bd322dc-0038-4af2-a1dc-9b393e6600e6', 'LEATHER_LEGGINGS$null', 150, '2025-03-27 17:50:16'),
	(533, 11, '4028be1d-4312-4912-99c7-fef783b65945', 'ENCHANTED_BOOK$§bKnockback', 400, '2025-03-27 17:50:16'),
	(534, 11, '9bd322dc-0038-4af2-a1dc-9b393e6600e6', 'LEATHER_BOOTS$null', 100, '2025-03-27 17:50:16'),
	(535, 11, '9bd322dc-0038-4af2-a1dc-9b393e6600e6', 'LEATHER_CHESTPLATE$null', 200, '2025-03-27 17:50:17'),
	(536, 11, '4028be1d-4312-4912-99c7-fef783b65945', 'ENCHANTED_BOOK$§bKnockback', 400, '2025-03-27 17:50:19'),
	(537, 11, '4028be1d-4312-4912-99c7-fef783b65945', 'ENCHANTED_BOOK$§bKnockback', 400, '2025-03-27 17:50:20'),
	(538, 11, '4028be1d-4312-4912-99c7-fef783b65945', 'ENCHANTED_BOOK$§bFire Aspect', 1000, '2025-03-27 17:50:20'),
	(539, 11, '4028be1d-4312-4912-99c7-fef783b65945', 'IRON_SWORD$null', 900, '2025-03-27 17:50:21'),
	(540, 11, 'dfc2bfed-46f3-4d71-ad71-8025e42a778a', 'IRON_HELMET$null', 400, '2025-03-27 17:50:33'),
	(541, 11, 'dfc2bfed-46f3-4d71-ad71-8025e42a778a', 'IRON_BOOTS$null', 400, '2025-03-27 17:50:35'),
	(542, 11, '4028be1d-4312-4912-99c7-fef783b65945', 'LEATHER_HELMET$null', 100, '2025-03-27 17:50:35'),
	(543, 11, 'dfc2bfed-46f3-4d71-ad71-8025e42a778a', 'ENCHANTED_BOOK$§bKnockback', 400, '2025-03-27 17:50:41'),
	(544, 11, '9c124c4f-9ab1-31ea-85cd-983fda58c14d', 'GOLD_SWORD$null', 250, '2025-03-27 17:50:48'),
	(545, 11, 'dfc2bfed-46f3-4d71-ad71-8025e42a778a', 'ENCHANTED_BOOK$§bFeather Falling', 50, '2025-03-27 17:50:54'),
	(546, 11, '9bd322dc-0038-4af2-a1dc-9b393e6600e6', 'IRON_SWORD$null', 900, '2025-03-27 17:50:54'),
	(547, 11, '9bd322dc-0038-4af2-a1dc-9b393e6600e6', 'LEATHER_HELMET$null', 100, '2025-03-27 17:50:55'),
	(548, 11, '9c124c4f-9ab1-31ea-85cd-983fda58c14d', 'GOLD_SWORD$null', 250, '2025-03-27 17:51:01'),
	(549, 11, '9c124c4f-9ab1-31ea-85cd-983fda58c14d', 'ENCHANTED_BOOK$§bKnockback', 400, '2025-03-27 17:51:05'),
	(550, 11, 'dfc2bfed-46f3-4d71-ad71-8025e42a778a', 'SNOW_BALL$null', 2, '2025-03-27 17:51:06'),
	(551, 11, 'dfc2bfed-46f3-4d71-ad71-8025e42a778a', 'SNOW_BALL$null', 2, '2025-03-27 17:51:06'),
	(552, 11, 'dfc2bfed-46f3-4d71-ad71-8025e42a778a', 'SNOW_BALL$null', 2, '2025-03-27 17:51:07'),
	(553, 11, 'dfc2bfed-46f3-4d71-ad71-8025e42a778a', 'SNOW_BALL$null', 2, '2025-03-27 17:51:07'),
	(554, 11, 'dfc2bfed-46f3-4d71-ad71-8025e42a778a', 'SNOW_BALL$null', 2, '2025-03-27 17:51:07'),
	(555, 11, 'dfc2bfed-46f3-4d71-ad71-8025e42a778a', 'SNOW_BALL$null', 2, '2025-03-27 17:51:07'),
	(556, 11, 'dfc2bfed-46f3-4d71-ad71-8025e42a778a', 'SNOW_BALL$null', 2, '2025-03-27 17:51:07'),
	(557, 11, 'dfc2bfed-46f3-4d71-ad71-8025e42a778a', 'SNOW_BALL$null', 2, '2025-03-27 17:51:07'),
	(558, 11, '9c124c4f-9ab1-31ea-85cd-983fda58c14d', 'ENCHANTED_BOOK$§bKnockback', 400, '2025-03-27 17:51:07'),
	(559, 11, 'dfc2bfed-46f3-4d71-ad71-8025e42a778a', 'ENCHANTED_BOOK$§bProtection', 300, '2025-03-27 17:51:14'),
	(560, 11, '9c124c4f-9ab1-31ea-85cd-983fda58c14d', 'IRON_CHESTPLATE$null', 800, '2025-03-27 17:51:15'),
	(561, 11, '9c124c4f-9ab1-31ea-85cd-983fda58c14d', 'IRON_LEGGINGS$null', 600, '2025-03-27 17:51:15'),
	(562, 11, 'dfc2bfed-46f3-4d71-ad71-8025e42a778a', 'ENCHANTED_BOOK$§bProtection', 300, '2025-03-27 17:51:17'),
	(563, 11, 'dfc2bfed-46f3-4d71-ad71-8025e42a778a', 'ENCHANTED_BOOK$§bProtection', 300, '2025-03-27 17:51:17'),
	(564, 11, '9c124c4f-9ab1-31ea-85cd-983fda58c14d', 'GOLD_BOOTS$null', 200, '2025-03-27 17:51:17'),
	(565, 11, 'dfc2bfed-46f3-4d71-ad71-8025e42a778a', 'ENCHANTED_BOOK$§bProtection', 300, '2025-03-27 17:51:19'),
	(566, 11, '4028be1d-4312-4912-99c7-fef783b65945', 'IRON_SWORD$null', 900, '2025-03-27 17:51:24'),
	(567, 11, '4028be1d-4312-4912-99c7-fef783b65945', 'ENCHANTED_BOOK$§bKnockback', 400, '2025-03-27 17:51:28'),
	(568, 11, '4028be1d-4312-4912-99c7-fef783b65945', 'ENCHANTED_BOOK$§bKnockback', 400, '2025-03-27 17:51:28'),
	(569, 11, '4028be1d-4312-4912-99c7-fef783b65945', 'ENCHANTED_BOOK$§bFire Aspect', 1000, '2025-03-27 17:51:30'),
	(570, 11, '9bd322dc-0038-4af2-a1dc-9b393e6600e6', 'DIAMOND_SWORD$null', 1800, '2025-03-27 17:51:47'),
	(571, 11, '4028be1d-4312-4912-99c7-fef783b65945', 'IRON_CHESTPLATE$null', 800, '2025-03-27 17:51:54'),
	(572, 11, '4028be1d-4312-4912-99c7-fef783b65945', 'IRON_BOOTS$null', 400, '2025-03-27 17:51:55'),
	(573, 11, '4028be1d-4312-4912-99c7-fef783b65945', 'IRON_LEGGINGS$null', 600, '2025-03-27 17:51:56'),
	(574, 11, '4028be1d-4312-4912-99c7-fef783b65945', 'IRON_HELMET$null', 400, '2025-03-27 17:51:56'),
	(575, 11, '9bd322dc-0038-4af2-a1dc-9b393e6600e6', 'ENCHANTED_BOOK$§bKnockback', 400, '2025-03-27 17:52:00'),
	(576, 11, '9bd322dc-0038-4af2-a1dc-9b393e6600e6', 'ENCHANTED_BOOK$§bKnockback', 400, '2025-03-27 17:52:00'),
	(577, 11, '4028be1d-4312-4912-99c7-fef783b65945', 'SNOW_BALL$null', 2, '2025-03-27 17:52:02'),
	(578, 11, '4028be1d-4312-4912-99c7-fef783b65945', 'SNOW_BALL$null', 2, '2025-03-27 17:52:03'),
	(579, 11, '4028be1d-4312-4912-99c7-fef783b65945', 'SNOW_BALL$null', 2, '2025-03-27 17:52:03'),
	(580, 11, '4028be1d-4312-4912-99c7-fef783b65945', 'SNOW_BALL$null', 2, '2025-03-27 17:52:03'),
	(581, 11, '4028be1d-4312-4912-99c7-fef783b65945', 'SNOW_BALL$null', 2, '2025-03-27 17:52:03'),
	(582, 11, '4028be1d-4312-4912-99c7-fef783b65945', 'SNOW_BALL$null', 2, '2025-03-27 17:52:03'),
	(583, 11, '4028be1d-4312-4912-99c7-fef783b65945', 'SNOW_BALL$null', 2, '2025-03-27 17:52:03'),
	(584, 11, '4028be1d-4312-4912-99c7-fef783b65945', 'SNOW_BALL$null', 2, '2025-03-27 17:52:03'),
	(585, 11, '4028be1d-4312-4912-99c7-fef783b65945', 'SNOW_BALL$null', 2, '2025-03-27 17:52:03'),
	(586, 11, '4028be1d-4312-4912-99c7-fef783b65945', 'SNOW_BALL$null', 2, '2025-03-27 17:52:03'),
	(587, 11, '4028be1d-4312-4912-99c7-fef783b65945', 'SNOW_BALL$null', 2, '2025-03-27 17:52:04'),
	(588, 11, '4028be1d-4312-4912-99c7-fef783b65945', 'SNOW_BALL$null', 2, '2025-03-27 17:52:04'),
	(589, 11, '4028be1d-4312-4912-99c7-fef783b65945', 'SNOW_BALL$null', 2, '2025-03-27 17:52:04'),
	(590, 11, '4028be1d-4312-4912-99c7-fef783b65945', 'SNOW_BALL$null', 2, '2025-03-27 17:52:04'),
	(591, 11, '4028be1d-4312-4912-99c7-fef783b65945', 'SNOW_BALL$null', 2, '2025-03-27 17:52:04'),
	(592, 11, '4028be1d-4312-4912-99c7-fef783b65945', 'SNOW_BALL$null', 2, '2025-03-27 17:52:04'),
	(593, 11, '4028be1d-4312-4912-99c7-fef783b65945', 'SNOW_BALL$null', 2, '2025-03-27 17:52:04'),
	(594, 11, '4028be1d-4312-4912-99c7-fef783b65945', 'SNOW_BALL$null', 2, '2025-03-27 17:52:05'),
	(595, 11, '4028be1d-4312-4912-99c7-fef783b65945', 'SNOW_BALL$null', 2, '2025-03-27 17:52:05'),
	(596, 11, '4028be1d-4312-4912-99c7-fef783b65945', 'SNOW_BALL$null', 2, '2025-03-27 17:52:05'),
	(597, 11, '4028be1d-4312-4912-99c7-fef783b65945', 'SNOW_BALL$null', 2, '2025-03-27 17:52:05'),
	(598, 11, '4028be1d-4312-4912-99c7-fef783b65945', 'SNOW_BALL$null', 2, '2025-03-27 17:52:05'),
	(599, 11, '4028be1d-4312-4912-99c7-fef783b65945', 'SNOW_BALL$null', 2, '2025-03-27 17:52:05'),
	(600, 11, '4028be1d-4312-4912-99c7-fef783b65945', 'SNOW_BALL$null', 2, '2025-03-27 17:52:06'),
	(601, 11, '4028be1d-4312-4912-99c7-fef783b65945', 'SNOW_BALL$null', 2, '2025-03-27 17:52:06'),
	(602, 11, '4028be1d-4312-4912-99c7-fef783b65945', 'SNOW_BALL$null', 2, '2025-03-27 17:52:06'),
	(603, 11, '4028be1d-4312-4912-99c7-fef783b65945', 'SNOW_BALL$null', 2, '2025-03-27 17:52:06'),
	(604, 11, '4028be1d-4312-4912-99c7-fef783b65945', 'ARROW$null', 50, '2025-03-27 17:52:07'),
	(605, 11, '4028be1d-4312-4912-99c7-fef783b65945', 'BOW$null', 1000, '2025-03-27 17:52:08'),
	(606, 11, '4028be1d-4312-4912-99c7-fef783b65945', 'ENCHANTED_BOOK$§bInfinity', 2000, '2025-03-27 17:52:12'),
	(607, 11, '9c124c4f-9ab1-31ea-85cd-983fda58c14d', 'IRON_HELMET$null', 400, '2025-03-27 17:52:23'),
	(608, 11, '9c124c4f-9ab1-31ea-85cd-983fda58c14d', 'BOW$null', 1000, '2025-03-27 17:52:31'),
	(609, 11, '9c124c4f-9ab1-31ea-85cd-983fda58c14d', 'ARROW$null', 50, '2025-03-27 17:52:34'),
	(610, 11, '9bd322dc-0038-4af2-a1dc-9b393e6600e6', 'ENCHANTED_BOOK$§bSharpness', 500, '2025-03-27 17:53:07'),
	(611, 11, '9bd322dc-0038-4af2-a1dc-9b393e6600e6', 'ENCHANTED_BOOK$§bSharpness', 500, '2025-03-27 17:53:07'),
	(612, 11, '9bd322dc-0038-4af2-a1dc-9b393e6600e6', 'ENCHANTED_BOOK$§bSharpness', 500, '2025-03-27 17:53:08'),
	(613, 11, '9bd322dc-0038-4af2-a1dc-9b393e6600e6', 'ENCHANTED_BOOK$§bSharpness', 500, '2025-03-27 17:53:10'),
	(614, 11, '9bd322dc-0038-4af2-a1dc-9b393e6600e6', 'ENCHANTED_BOOK$§bSharpness', 500, '2025-03-27 17:53:10'),
	(615, 11, '9bd322dc-0038-4af2-a1dc-9b393e6600e6', 'ENCHANTED_BOOK$§bSharpness', 500, '2025-03-27 17:53:11'),
	(616, 11, '9bd322dc-0038-4af2-a1dc-9b393e6600e6', 'ENCHANTED_BOOK$§bSharpness', 500, '2025-03-27 17:53:11'),
	(617, 11, '9bd322dc-0038-4af2-a1dc-9b393e6600e6', 'ENCHANTED_BOOK$§bSharpness', 500, '2025-03-27 17:53:11'),
	(618, 11, '9c124c4f-9ab1-31ea-85cd-983fda58c14d', 'ENCHANTED_BOOK$§bInfinity', 2000, '2025-03-27 17:53:25'),
	(619, 11, 'dfc2bfed-46f3-4d71-ad71-8025e42a778a', 'IRON_LEGGINGS$null', 600, '2025-03-27 17:53:52'),
	(620, 11, 'dfc2bfed-46f3-4d71-ad71-8025e42a778a', 'IRON_BOOTS$null', 400, '2025-03-27 17:53:53'),
	(621, 11, 'dfc2bfed-46f3-4d71-ad71-8025e42a778a', 'IRON_CHESTPLATE$null', 800, '2025-03-27 17:53:55'),
	(622, 11, 'dfc2bfed-46f3-4d71-ad71-8025e42a778a', 'IRON_HELMET$null', 400, '2025-03-27 17:53:56'),
	(623, 11, '9c124c4f-9ab1-31ea-85cd-983fda58c14d', 'STONE_SWORD$null', 400, '2025-03-27 17:54:14'),
	(624, 11, '9c124c4f-9ab1-31ea-85cd-983fda58c14d', 'GOLD_SWORD$null', 250, '2025-03-27 17:54:21'),
	(625, 11, '9bd322dc-0038-4af2-a1dc-9b393e6600e6', 'DIAMOND_SWORD$null', 1800, '2025-03-27 17:54:21'),
	(626, 11, '9bd322dc-0038-4af2-a1dc-9b393e6600e6', 'DIAMOND_HELMET$null', 800, '2025-03-27 17:54:26'),
	(627, 11, '9c124c4f-9ab1-31ea-85cd-983fda58c14d', 'IRON_SWORD$null', 900, '2025-03-27 17:54:31'),
	(628, 11, 'dfc2bfed-46f3-4d71-ad71-8025e42a778a', 'DIAMOND_SWORD$null', 1800, '2025-03-27 17:54:38'),
	(629, 11, 'dfc2bfed-46f3-4d71-ad71-8025e42a778a', 'ENCHANTED_BOOK$§bFire Aspect', 1000, '2025-03-27 17:54:42'),
	(630, 11, 'dfc2bfed-46f3-4d71-ad71-8025e42a778a', 'ENCHANTED_BOOK$§bSharpness', 500, '2025-03-27 17:54:43'),
	(631, 11, 'dfc2bfed-46f3-4d71-ad71-8025e42a778a', 'ENCHANTED_BOOK$§bKnockback', 400, '2025-03-27 17:54:44'),
	(632, 11, 'dfc2bfed-46f3-4d71-ad71-8025e42a778a', 'ENCHANTED_BOOK$§bProtection', 300, '2025-03-27 17:54:45'),
	(633, 11, 'dfc2bfed-46f3-4d71-ad71-8025e42a778a', 'ENCHANTED_BOOK$§bKnockback', 400, '2025-03-27 17:54:45'),
	(634, 11, 'dfc2bfed-46f3-4d71-ad71-8025e42a778a', 'ENCHANTED_BOOK$§bProtection', 300, '2025-03-27 17:54:47'),
	(635, 11, 'dfc2bfed-46f3-4d71-ad71-8025e42a778a', 'ENCHANTED_BOOK$§bProtection', 300, '2025-03-27 17:54:48'),
	(636, 11, 'dfc2bfed-46f3-4d71-ad71-8025e42a778a', 'ENCHANTED_BOOK$§bProtection', 300, '2025-03-27 17:54:49'),
	(637, 11, 'dfc2bfed-46f3-4d71-ad71-8025e42a778a', 'ENCHANTED_BOOK$§bFeather Falling', 50, '2025-03-27 17:54:52'),
	(638, 11, '9bd322dc-0038-4af2-a1dc-9b393e6600e6', 'DIAMOND_SWORD$null', 1800, '2025-03-27 17:54:56'),
	(639, 11, '9bd322dc-0038-4af2-a1dc-9b393e6600e6', 'ENCHANTED_BOOK$§bKnockback', 400, '2025-03-27 17:55:04'),
	(640, 11, '9c124c4f-9ab1-31ea-85cd-983fda58c14d', 'IRON_HELMET$null', 400, '2025-03-27 17:55:05'),
	(641, 11, '9c124c4f-9ab1-31ea-85cd-983fda58c14d', 'IRON_LEGGINGS$null', 600, '2025-03-27 17:55:06'),
	(642, 11, '9bd322dc-0038-4af2-a1dc-9b393e6600e6', 'ENCHANTED_BOOK$§bKnockback', 400, '2025-03-27 17:55:07'),
	(643, 11, '9c124c4f-9ab1-31ea-85cd-983fda58c14d', 'IRON_BOOTS$null', 400, '2025-03-27 17:55:07'),
	(644, 11, '9bd322dc-0038-4af2-a1dc-9b393e6600e6', 'ENCHANTED_BOOK$§bKnockback', 400, '2025-03-27 17:55:07'),
	(645, 11, '9c124c4f-9ab1-31ea-85cd-983fda58c14d', 'IRON_CHESTPLATE$null', 800, '2025-03-27 17:55:07'),
	(646, 11, '9bd322dc-0038-4af2-a1dc-9b393e6600e6', 'DIAMOND_SWORD$null', 1800, '2025-03-27 17:55:33'),
	(647, 11, '9bd322dc-0038-4af2-a1dc-9b393e6600e6', 'ARROW$null', 50, '2025-03-27 17:55:47'),
	(648, 11, '9bd322dc-0038-4af2-a1dc-9b393e6600e6', 'ARROW$null', 50, '2025-03-27 17:55:49'),
	(649, 11, '9bd322dc-0038-4af2-a1dc-9b393e6600e6', 'ARROW$null', 50, '2025-03-27 17:55:49'),
	(650, 11, '9bd322dc-0038-4af2-a1dc-9b393e6600e6', 'ARROW$null', 50, '2025-03-27 17:55:49'),
	(651, 11, '9bd322dc-0038-4af2-a1dc-9b393e6600e6', 'ARROW$null', 50, '2025-03-27 17:55:49'),
	(652, 11, '9bd322dc-0038-4af2-a1dc-9b393e6600e6', 'ARROW$null', 50, '2025-03-27 17:55:49'),
	(653, 11, '9bd322dc-0038-4af2-a1dc-9b393e6600e6', 'ARROW$null', 50, '2025-03-27 17:55:49'),
	(654, 11, '9bd322dc-0038-4af2-a1dc-9b393e6600e6', 'ARROW$null', 50, '2025-03-27 17:55:50'),
	(655, 11, '9bd322dc-0038-4af2-a1dc-9b393e6600e6', 'BOW$null', 1000, '2025-03-27 17:55:50'),
	(656, 11, '9bd322dc-0038-4af2-a1dc-9b393e6600e6', 'ARROW$null', 50, '2025-03-27 17:55:50'),
	(657, 11, '9bd322dc-0038-4af2-a1dc-9b393e6600e6', 'ARROW$null', 50, '2025-03-27 17:55:50'),
	(658, 11, '9bd322dc-0038-4af2-a1dc-9b393e6600e6', 'ARROW$null', 50, '2025-03-27 17:55:50'),
	(659, 11, '9bd322dc-0038-4af2-a1dc-9b393e6600e6', 'ARROW$null', 50, '2025-03-27 17:55:50'),
	(660, 11, '9bd322dc-0038-4af2-a1dc-9b393e6600e6', 'ARROW$null', 50, '2025-03-27 17:55:51'),
	(661, 11, '9bd322dc-0038-4af2-a1dc-9b393e6600e6', 'ARROW$null', 50, '2025-03-27 17:55:51'),
	(662, 11, '9bd322dc-0038-4af2-a1dc-9b393e6600e6', 'ARROW$null', 50, '2025-03-27 17:55:51'),
	(663, 11, '9bd322dc-0038-4af2-a1dc-9b393e6600e6', 'ARROW$null', 50, '2025-03-27 17:55:51'),
	(664, 11, '9bd322dc-0038-4af2-a1dc-9b393e6600e6', 'ARROW$null', 50, '2025-03-27 17:55:51'),
	(665, 11, '9bd322dc-0038-4af2-a1dc-9b393e6600e6', 'ARROW$null', 50, '2025-03-27 17:55:51'),
	(666, 11, '9c124c4f-9ab1-31ea-85cd-983fda58c14d', 'DIAMOND_SWORD$null', 1800, '2025-03-27 17:56:06'),
	(667, 11, '4028be1d-4312-4912-99c7-fef783b65945', 'DIAMOND_BOOTS$null', 800, '2025-03-27 17:56:37'),
	(668, 11, '4028be1d-4312-4912-99c7-fef783b65945', 'ENCHANTED_BOOK$§bFeather Falling', 50, '2025-03-27 17:56:40'),
	(669, 11, '4028be1d-4312-4912-99c7-fef783b65945', 'ENCHANTED_BOOK$§bFeather Falling', 50, '2025-03-27 17:56:41'),
	(670, 11, '4028be1d-4312-4912-99c7-fef783b65945', 'ENCHANTED_BOOK$§bFeather Falling', 50, '2025-03-27 17:56:41'),
	(671, 11, '4028be1d-4312-4912-99c7-fef783b65945', 'ENCHANTED_BOOK$§bFeather Falling', 50, '2025-03-27 17:56:44'),
	(672, 11, '4028be1d-4312-4912-99c7-fef783b65945', 'ENCHANTED_BOOK$§bPower', 750, '2025-03-27 17:56:56'),
	(673, 11, '4028be1d-4312-4912-99c7-fef783b65945', 'ENCHANTED_BOOK$§bPower', 750, '2025-03-27 17:56:56'),
	(674, 11, '4028be1d-4312-4912-99c7-fef783b65945', 'ENCHANTED_BOOK$§bPower', 750, '2025-03-27 17:56:57'),
	(675, 11, '4028be1d-4312-4912-99c7-fef783b65945', 'ENCHANTED_BOOK$§bPower', 750, '2025-03-27 17:56:59'),
	(676, 11, '4028be1d-4312-4912-99c7-fef783b65945', 'ENCHANTED_BOOK$§bPower', 750, '2025-03-27 17:57:00'),
	(677, 11, '9c124c4f-9ab1-31ea-85cd-983fda58c14d', 'DIAMOND_SWORD$null', 1800, '2025-03-27 17:57:04'),
	(678, 11, '9c124c4f-9ab1-31ea-85cd-983fda58c14d', 'DIAMOND_SWORD$null', 1800, '2025-03-27 17:57:34'),
	(679, 11, '9c124c4f-9ab1-31ea-85cd-983fda58c14d', 'SNOW_BALL$null', 2, '2025-03-27 17:57:38'),
	(680, 11, '9c124c4f-9ab1-31ea-85cd-983fda58c14d', 'SNOW_BALL$null', 2, '2025-03-27 17:57:38'),
	(681, 11, '9c124c4f-9ab1-31ea-85cd-983fda58c14d', 'SNOW_BALL$null', 2, '2025-03-27 17:57:38'),
	(682, 11, '9c124c4f-9ab1-31ea-85cd-983fda58c14d', 'SNOW_BALL$null', 2, '2025-03-27 17:57:38'),
	(683, 11, '9c124c4f-9ab1-31ea-85cd-983fda58c14d', 'SNOW_BALL$null', 2, '2025-03-27 17:57:38'),
	(684, 11, '9c124c4f-9ab1-31ea-85cd-983fda58c14d', 'SNOW_BALL$null', 2, '2025-03-27 17:57:38'),
	(685, 11, '9c124c4f-9ab1-31ea-85cd-983fda58c14d', 'SNOW_BALL$null', 2, '2025-03-27 17:57:38'),
	(686, 11, '9c124c4f-9ab1-31ea-85cd-983fda58c14d', 'SNOW_BALL$null', 2, '2025-03-27 17:57:39'),
	(687, 11, '9c124c4f-9ab1-31ea-85cd-983fda58c14d', 'SNOW_BALL$null', 2, '2025-03-27 17:57:39'),
	(688, 11, '9c124c4f-9ab1-31ea-85cd-983fda58c14d', 'SNOW_BALL$null', 2, '2025-03-27 17:57:39'),
	(689, 11, '9c124c4f-9ab1-31ea-85cd-983fda58c14d', 'DIAMOND$null', 2, '2025-03-27 17:57:39');

-- Re-enable foreign key enforcement
PRAGMA foreign_keys = ON;
